Rk,Player,Nation,Pos,Squad,Age,Born,MP,Starts,Min,Gls,Ast,PK,PKatt,CrdY,CrdR,Gls2,Ast3,G+A,G-PK,G+A-PK
1,Vincent Aboubakar,cm CMR,FW,pt Porto,25,1992,6,6,495,5,2,0,0,0,0,0.91,0.36,1.27,0.91,1.27
2,Marcos Acuña,ar ARG,"MF,DF",pt Sporting CP,25,1991,5,5,433,0,1,0,0,2,0,0,0.21,0.21,0,0.21
3,Tosin Adarabioyo,eng ENG,DF,eng Manchester City,19,1997,2,1,91,0,0,0,0,0,0,0,0,0,0,0
4,Adriano,br BRA,DF,tr Be_ikta_,32,1984,6,5,486,0,0,0,0,1,0,0,0,0,0,0
5,Luiz Adriano,br BRA,"FW,MF",ru Spartak Moscow,30,1987,6,6,540,1,0,0,0,1,0,0.17,0,0.17,0.17,0.17
6,Ansi Agolli,al ALB,DF,az Qaraba_ FK,34,1982,4,4,360,0,0,0,0,0,0,0,0,0,0,0
7,Sergio Agüero,ar ARG,FW,eng Manchester City,29,1988,7,5,440,4,1,1,2,0,0,0.82,0.2,1.02,0.61,0.82
8,Karim El Ahmadi,ma MAR,MF,nl Feyenoord,32,1985,4,4,360,0,0,0,0,3,0,0,0,0,0,0
9,Valon Ahmedi,al ALB,MF,si NK Maribor,22,1994,4,3,226,0,0,0,0,0,0,0,0,0,0,0
10,Albian Ajeti,ch SUI,FW,ch Basel,20,1997,3,1,98,0,0,0,0,0,0,0,0,0,0,0
11,Manuel Akanji,ch SUI,DF,ch Basel,22,1995,6,6,540,0,1,0,0,2,0,0,0.17,0.17,0,0.17
12,Igor Akinfeev,ru RUS,GK,ru CSKA Moscow,31,1986,6,6,540,0,0,0,0,0,0,0,0,0,0,0
13,David Alaba,at AUT,DF,de Bayern Munich,25,1992,7,7,625,0,2,0,0,0,0,0,0.29,0.29,0,0.29
14,Jordi Alba,es ESP,DF,es Barcelona,28,1989,8,7,638,0,0,0,0,0,0,0,0,0,0,0
15,Raúl Albiol,es ESP,DF,it Napoli,31,1985,5,5,450,0,0,0,0,1,0,0,0,0,0,0
16,Paco Alcácer,es ESP,FW,es Barcelona,23,1993,2,1,95,1,0,0,0,0,0,0.95,0,0.95,0.95,0.95
17,Thiago Alcántara,es ESP,"MF,FW",de Bayern Munich,26,1991,10,7,607,3,0,0,0,2,0,0.44,0,0.44,0.44,0.44
18,Toby Alderweireld,be BEL,DF,eng Tottenham,28,1989,4,4,294,0,1,0,0,0,0,0,0.31,0.31,0,0.31
19,Trent Alexander-Arnold,eng ENG,DF,eng Liverpool,18,1998,10,9,820,1,1,0,0,2,0,0.11,0.11,0.22,0.11,0.22
20,Nektarios Alexandrou,cy CYP,DF,cy APOEL FC,33,1983,2,1,52,0,0,0,0,0,0,0,0,0,0,0
21,Alisson,br BRA,GK,it Roma,24,1992,12,12,"1,080",0,0,0,0,0,0,0,0,0,0,0
22,Allan,br BRA,MF,it Napoli,26,1991,6,3,307,0,0,0,0,0,0,0,0,0,0,0
23,Dele Alli,eng ENG,"MF,FW",eng Tottenham,21,1996,5,5,428,2,3,0,0,1,0,0.42,0.63,1.05,0.42,1.05
24,André Almeida Pinto,pt POR,DF,pt Sporting CP,27,1989,2,2,180,0,0,0,0,1,0,0,0,0,0,0
25,André Almeida,pt POR,DF,pt Benfica,26,1990,4,3,259,0,0,0,0,1,1,0,0,0,0,0
Rk,Player,Nation,Pos,Squad,Age,Born,MP,Starts,Min,Gls,Ast,PK,PKatt,CrdY,CrdR,Gls,Ast,G+A,G-PK,G+A-PK
26,Richard Almeida,az AZE,MF,az Qaraba_ FK,28,1989,6,6,540,0,0,0,0,0,0,0,0,0,0,0
27,Stathis Aloneftis,cy CYP,"MF,FW",cy APOEL FC,34,1983,6,6,502,0,0,0,0,0,0,0,0,0,0,0
28,Marcos Alonso,es ESP,"MF,DF",eng Chelsea,26,1990,7,7,598,0,1,0,0,2,0,0,0.15,0.15,0,0.15
29,Éder Álvarez Balanta,co COL,DF,ch Basel,24,1993,6,6,530,0,0,0,0,2,0,0,0,0,0,0
30,Dani Alves,br BRA,DF,fr Paris S-G,34,1983,8,8,720,2,0,0,0,0,0,0.25,0,0.25,0.25,0.25
31,Sofyan Amrabat,ma MAR,MF,nl Feyenoord,20,1996,6,6,528,1,0,0,0,1,0,0.17,0,0.17,0.17,0.17
32,André André,pt POR,"MF,FW",pt Porto,27,1989,4,2,225,0,0,0,0,3,0,0,0,0,0,0
33,Thanasis Androutsos,gr GRE,MF,gr Olympiacos,20,1997,1,1,90,0,0,0,0,0,0,0,0,0,0,0
34,Minas Antoniou,cy CYP,FW,cy APOEL FC,23,1994,1,0,9,0,0,0,0,0,0,0,0,0,0,0
35,Mirko Antonucci,it ITA,MF,it Roma,18,1999,1,0,15,0,0,0,0,0,0,0,0,0,0,0
36,Dennis Appiah,fr FRA,"DF,MF",be Anderlecht,25,1992,6,5,514,0,0,0,0,0,0,0,0,0,0,0
37,Alphonse Areola,fr FRA,GK,fr Paris S-G,24,1993,8,8,720,0,0,0,0,0,0,0,0,0,0,0
38,Stuart Armstrong,sco SCO,MF,sco Celtic,25,1992,4,4,236,0,0,0,0,0,0,0,0,0,0,0
39,Tolgay Arslan,de GER,MF,tr Be_ikta_,26,1990,6,4,323,0,0,0,0,2,0,0,0,0,0,0
40,Kwadwo Asamoah,gh GHA,DF,it Juventus,28,1988,3,1,99,0,0,0,0,0,0,0,0,0,0,0
41,Marco Asensio,es ESP,MF,es Real Madrid,21,1996,12,3,472,1,1,0,0,0,0,0.19,0.19,0.38,0.19,0.38
42,Pierre-Emerick Aubameyang,ga GAB,FW,de Dortmund,28,1989,6,6,540,4,0,0,0,0,0,0.67,0,0.67,0.67,0.67
43,Jean-Kévin Augustin,fr FRA,FW,de RB Leipzig,20,1997,5,4,341,1,0,0,0,1,0,0.26,0,0.26,0.26,0.26
44,Filipe Augusto,br BRA,MF,pt Benfica,23,1993,3,3,237,0,0,0,0,0,0,0,0,0,0,0
45,Serge Aurier,ci CIV,"DF,MF",eng Tottenham,24,1992,6,6,507,0,1,0,0,3,0,0,0.18,0.18,0,0.18
46,Márcio Azevedo,br BRA,DF,ua Shakhtar,31,1986,1,0,26,0,0,0,0,0,0,0,0,0,0,0
47,César Azpilicueta,es ESP,"DF,MF",eng Chelsea,27,1989,8,8,705,1,0,0,0,0,0,0.13,0,0.13,0.13,0.13
48,Ryan Babel,nl NED,MF,tr Be_ikta_,30,1986,7,6,555,2,1,0,0,0,0,0.32,0.16,0.49,0.32,0.49
49,Eric Bailly,ci CIV,DF,eng Manchester Utd,23,1994,3,3,270,0,0,0,0,1,0,0,0,0,0,0
50,Gregor Bajde,si SVN,MF,si NK Maribor,23,1994,4,3,248,0,0,0,0,0,0,0,0,0,0,0
Rk,Player,Nation,Pos,Squad,Age,Born,MP,Starts,Min,Gls,Ast,PK,PKatt,CrdY,CrdR,Gls,Ast,G+A,G-PK,G+A-PK
51,Tiemoué Bakayoko,fr FRA,MF,eng Chelsea,22,1994,5,4,361,1,1,0,0,1,0,0.25,0.25,0.5,0.25,0.5
52,Keita Baldé,sn SEN,"FW,MF",fr Monaco,22,1995,6,3,289,0,2,0,0,1,0,0,0.62,0.62,0,0.62
53,Gareth Bale,wal WAL,FW,es Real Madrid,28,1989,7,3,297,3,2,0,0,1,0,0.91,0.61,1.52,0.91,1.52
54,Éver Banega,ar ARG,MF,es Sevilla,29,1988,9,9,792,1,2,0,0,4,0,0.11,0.23,0.34,0.11,0.34
55,Gabriel Barbosa,br BRA,"FW,MF",pt Benfica,20,1996,2,0,30,0,0,0,0,0,0,0,0,0,0,0
56,Marc Bartra,es ESP,"DF,MF",de Dortmund,26,1991,4,4,350,0,0,0,0,1,0,0,0,0,0,0
57,Andrea Barzagli,it ITA,DF,it Juventus,36,1981,8,7,654,0,0,0,0,1,0,0,0,0,0,0
58,Bilal Ba_açıko_lu,tr TUR,"FW,MF",nl Feyenoord,22,1995,2,0,29,0,0,0,0,0,0,0,0,0,0,0
59,Michy Batshuayi,be BEL,FW,eng Chelsea,23,1993,4,1,122,2,0,0,0,0,0,1.48,0,1.48,1.48,1.48
60,Rodrigo Battaglia,ar ARG,MF,pt Sporting CP,26,1991,6,6,537,0,0,0,0,1,0,0,0,0,0,0
61,Sven van Beek,nl NED,DF,nl Feyenoord,23,1994,4,3,269,0,0,0,0,1,0,0,0,0,0,0
62,Wissam Ben Yedder,fr FRA,FW,es Sevilla,26,1990,9,8,651,8,0,2,2,2,0,1.11,0,1.11,0.83,0.83
63,Diego Benaglio,ch SUI,GK,fr Monaco,33,1983,3,3,270,0,0,0,0,0,0,0,0,0,0,0
64,Medhi Benatia,ma MAR,DF,it Juventus,30,1987,8,7,566,0,0,0,0,4,0,0,0,0,0,0
65,Rodrigo Bentancur,uy URU,MF,it Juventus,20,1997,5,3,291,0,0,0,0,3,0,0,0,0,0,0
66,Karim Benzema,fr FRA,FW,es Real Madrid,29,1987,9,8,600,5,0,0,0,0,0,0.75,0,0.75,0.75,0.75
67,Yuri Berchiche,es ESP,DF,fr Paris S-G,27,1990,2,2,180,0,0,0,0,0,0,0,0,0,0,0
68,Aleksei Berezutski,ru RUS,DF,ru CSKA Moscow,35,1982,3,3,270,0,0,0,0,0,0,0,0,0,0,0
69,Vasili Berezutski,ru RUS,DF,ru CSKA Moscow,35,1982,5,5,450,0,0,0,0,1,0,0,0,0,0,0
70,Steven Berghuis,nl NED,"FW,MF",nl Feyenoord,25,1991,6,6,466,1,2,0,0,2,0,0.19,0.39,0.58,0.19,0.58
71,Bernard,br BRA,MF,ua Shakhtar,24,1992,8,8,681,3,0,0,0,0,0,0.4,0,0.4,0.4,0.4
72,Federico Bernardeschi,it ITA,MF,it Juventus,23,1994,5,1,136,1,0,0,0,0,0,0.66,0,0.66,0.66,0.66
73,Bernardo,br BRA,DF,de RB Leipzig,22,1995,3,1,114,0,0,0,0,0,0,0,0,0,0,0
74,Juan Bernat,es ESP,DF,de Bayern Munich,24,1993,1,1,46,0,0,0,0,1,0,0,0,0,0,0
75,Jean-Claude Billong,fr FRA,DF,si NK Maribor,23,1993,4,4,360,0,0,0,0,0,0,0,0,0,0,0
Rk,Player,Nation,Pos,Squad,Age,Born,MP,Starts,Min,Gls,Ast,PK,PKatt,CrdY,CrdR,Gls,Ast,G+A,G-PK,G+A-PK
76,Nir Bitton,il ISR,DF,sco Celtic,25,1991,3,1,187,0,0,0,0,1,0,0,0,0,0,0
77,Daley Blind,nl NED,"DF,MF",eng Manchester Utd,27,1990,6,6,540,1,1,1,1,1,0,0.17,0.17,0.33,0,0.17
78,Jérôme Boateng,de GER,DF,de Bayern Munich,28,1988,9,8,677,0,1,0,0,2,0,0,0.13,0.13,0,0.13
79,Salvatore Bocchetti,it ITA,DF,ru Spartak Moscow,30,1986,3,3,270,0,0,0,0,1,0,0,0,0,0,0
80,Frank Boeckx,be BEL,GK,be Anderlecht,30,1986,3,3,270,0,0,0,0,0,0,0,0,0,0,0
81,Jean-Paul Boëtius,nl NED,FW,nl Feyenoord,23,1994,6,6,519,0,0,0,0,0,0,0,0,0,0,0
82,Damjan Bohar,si SVN,MF,si NK Maribor,25,1991,6,6,484,1,0,0,0,2,0,0.19,0,0.19,0.19,0.19
83,Gabriel Boschilia,br BRA,MF,fr Monaco,21,1996,1,0,11,0,0,0,0,0,0,0,0,0,0,0
84,Alberto Botía,es ESP,DF,gr Olympiacos,28,1989,3,3,270,0,0,0,0,0,0,0,0,0,0,0
85,Eric Botteghin,br BRA,DF,nl Feyenoord,29,1987,1,1,90,0,0,0,0,1,0,0,0,0,0,0
86,Dedryck Boyata,be BEL,DF,sco Celtic,26,1990,5,5,450,0,0,0,0,0,0,0,0,0,0,0
87,Yacine Brahimi,dz ALG,MF,pt Porto,27,1990,7,7,568,1,1,0,0,1,0,0.16,0.16,0.32,0.16,0.32
88,Claudio Bravo,cl CHI,GK,eng Manchester City,34,1983,1,1,90,0,0,0,0,0,0,0,0,0,0,0
89,Scott Brown,sco SCO,MF,sco Celtic,32,1985,6,6,520,0,0,0,0,0,0,0,0,0,0,0
90,Bruma,pt POR,"MF,FW",de RB Leipzig,22,1994,5,3,274,0,0,0,0,0,0,0,0,0,0,0
91,Massimo Bruno,be BEL,"FW,MF",be Anderlecht,23,1993,4,0,48,0,0,0,0,0,0,0,0,0,0,0
92,Kevin Bua,ch SUI,MF,ch Basel,23,1993,5,1,102,0,0,0,0,0,0,0,0,0,0,0
93,Gianluigi Buffon,it ITA,GK,it Juventus,39,1978,9,9,810,0,0,0,0,0,1,0,0,0,0,0
94,Roman Bürki,ch SUI,GK,de Dortmund,26,1990,6,6,540,0,0,0,0,0,0,0,0,0,0,0
95,Sergio Busquets,es ESP,MF,es Barcelona,29,1988,10,9,768,0,0,0,0,1,0,0,0,0,0,0
96,Bohdan Butko,ua UKR,DF,ua Shakhtar,26,1991,7,7,630,0,1,0,0,1,0,0,0.14,0.14,0,0.14
97,Gary Cahill,eng ENG,DF,eng Chelsea,31,1985,6,5,448,0,0,0,0,1,0,0,0,0,0,0
98,Fabrizio Caligara,it ITA,MF,it Juventus,17,2000,1,0,3,0,0,0,0,1,0,0,0,0,0,0
99,José Callejón,es ESP,FW,it Napoli,30,1987,6,6,507,1,1,0,0,0,0,0.18,0.18,0.36,0.18,0.36
100,Igor de Camargo,be BEL,FW,cy APOEL FC,34,1983,5,3,234,0,0,0,0,0,0,0,0,0,0,0
Rk,Player,Nation,Pos,Squad,Age,Born,MP,Starts,Min,Gls,Ast,PK,PKatt,CrdY,CrdR,Gls,Ast,G+A,G-PK,G+A-PK
101,Emre Can,de GER,MF,eng Liverpool,23,1994,8,6,533,1,0,0,0,3,0,0.17,0,0.17,0.17,0.17
102,Mehdi Carcela,ma MAR,"MF,FW",gr Olympiacos,28,1989,4,4,268,0,0,0,0,0,0,0,0,0,0,0
103,Carlão,br BRA,DF,cy APOEL FC,31,1986,5,5,450,0,1,0,0,1,0,0,0.2,0.2,0,0.2
104,Yannick Carrasco,be BEL,MF,es Atlético Madrid,23,1993,5,3,269,0,0,0,0,0,0,0,0,0,0,0
105,Guido Carrillo,ar ARG,FW,fr Monaco,26,1991,5,1,134,0,0,0,0,0,0,0,0,0,0,0
106,Dani Carvajal,es ESP,DF,es Real Madrid,25,1992,8,8,644,0,3,0,0,4,0,0,0.42,0.42,0,0.42
107,João Carvalho,pt POR,MF,pt Benfica,20,1997,1,1,90,0,0,0,0,0,0,0,0,0,0,0
108,William Carvalho,pt POR,MF,pt Sporting CP,25,1992,5,5,450,0,0,0,0,1,0,0,0,0,0,0
109,Casemiro,br BRA,MF,es Real Madrid,25,1992,12,11,945,1,0,0,0,2,0,0.1,0,0.1,0.1,0.1
110,Kiko Casilla,es ESP,GK,es Real Madrid,30,1986,2,2,180,0,0,0,0,0,0,0,0,0,0,0
111,Iker Casillas,es ESP,GK,pt Porto,36,1981,3,3,270,0,0,0,0,1,0,0,0,0,0,0
112,Gonzalo Castro,de GER,MF,de Dortmund,30,1987,3,1,132,0,1,0,0,1,0,0,0.68,0.68,0,0.68
113,Edinson Cavani,uy URU,FW,fr Paris S-G,30,1987,8,8,680,7,1,1,1,1,0,0.93,0.13,1.06,0.79,0.93
114,Dani Ceballos,es ESP,MF,es Real Madrid,20,1996,4,0,82,0,0,0,0,0,0,0,0,0,0,0
115,Franco Cervi,ar ARG,MF,pt Benfica,23,1994,3,1,97,0,0,0,0,0,0,0,0,0,0,0
116,Bruno César,br BRA,MF,pt Sporting CP,28,1988,5,3,253,2,0,0,0,1,0,0.71,0,0.71,0.71,0.71
117,Júlio César,br BRA,GK,pt Benfica,37,1979,1,1,90,0,0,0,0,0,0,0,0,0,0,0
118,Fyodor Chalov,ru RUS,FW,ru CSKA Moscow,19,1998,3,2,145,0,0,0,0,0,0,0,0,0,0,0
119,Giorgio Chiellini,it ITA,DF,it Juventus,32,1984,7,7,630,0,0,0,0,2,0,0,0,0,0,0
120,Alexandru Chipciu,ro ROU,DF,be Anderlecht,28,1989,2,2,180,0,0,0,0,0,0,0,0,0,0,0
121,Vlad Chiriche_,ro ROU,DF,it Napoli,27,1989,1,1,90,0,0,0,0,1,0,0,0,0,0,0
122,Andreas Christensen,dk DEN,DF,eng Chelsea,21,1996,6,5,454,0,0,0,0,0,0,0,0,0,0,0
123,Jasper Cillessen,nl NED,GK,es Barcelona,28,1989,1,1,90,0,0,0,0,0,0,0,0,0,0,0
124,Orkan Çınar,tr TUR,MF,tr Be_ikta_,21,1996,1,0,22,0,0,0,0,0,0,0,0,0,0,0
125,Nathaniel Clyne,eng ENG,DF,eng Liverpool,26,1991,2,0,9,0,0,0,0,0,0,0,0,0,0,0
Rk,Player,Nation,Pos,Squad,Age,Born,MP,Starts,Min,Gls,Ast,PK,PKatt,CrdY,CrdR,Gls,Ast,G+A,G-PK,G+A-PK
126,Sebastián Coates,uy URU,DF,pt Sporting CP,26,1990,5,5,450,0,1,0,0,3,0,0,0.2,0.2,0,0.2
127,Fábio Coentrão,pt POR,DF,pt Sporting CP,29,1988,4,3,267,0,0,0,0,2,0,0,0,0,0,0
128,Kingsley Coman,fr FRA,"MF,FW",de Bayern Munich,21,1996,6,4,388,2,2,0,0,0,0,0.46,0.46,0.93,0.46,0.93
129,Marvin Compper,de GER,DF,de RB Leipzig,32,1985,1,0,19,0,0,0,0,0,0,0,0,0,0,0
130,Sébastien Corchia,fr FRA,DF,es Sevilla,26,1990,3,1,104,0,0,0,0,0,0,0,0,0,0,0
131,Jesús Corona,mx MEX,MF,pt Porto,24,1993,8,3,318,0,0,0,0,0,0,0,0,0,0,0
132,Ángel Correa,ar ARG,"MF,FW",es Atlético Madrid,22,1995,6,2,254,0,1,0,0,0,0,0,0.35,0.35,0,0.35
133,Joaquín Correa,ar ARG,"MF,FW",es Sevilla,22,1994,8,7,626,1,3,0,0,2,1,0.14,0.43,0.58,0.14,0.58
134,Douglas Costa,br BRA,"MF,FW",it Juventus,26,1990,10,8,719,0,1,0,0,1,0,0,0.13,0.13,0,0.13
135,Thibaut Courtois,be BEL,GK,eng Chelsea,25,1992,8,8,720,0,0,0,0,0,0,0,0,0,0,0
136,Philippe Coutinho,br BRA,"MF,FW",eng Liverpool,25,1992,5,4,347,5,2,1,1,0,0,1.3,0.52,1.82,1.04,1.56
137,Juan Cuadrado,co COL,MF,it Juventus,29,1988,6,5,410,1,1,0,0,1,0,0.22,0.22,0.44,0.22,0.44
138,Mahmoud Dahoud,de GER,MF,de Dortmund,21,1996,3,2,192,0,0,0,0,0,0,0,0,0,0,0
139,Diogo Dalot,pt POR,DF,pt Porto,18,1999,1,1,90,0,0,0,0,1,0,0,0,0,0,0
140,Danilo,br BRA,"DF,MF",eng Manchester City,26,1991,6,4,368,0,0,0,0,2,0,0,0,0,0,0
141,Matteo Darmian,it ITA,DF,eng Manchester Utd,27,1989,3,2,203,0,0,0,0,1,0,0,0,0,0,0
142,Ben Davies,wal WAL,"DF,MF",eng Tottenham,24,1993,5,5,450,0,0,0,0,1,0,0,0,0,0,0
143,Kevin De Bruyne,be BEL,MF,eng Manchester City,26,1991,8,8,667,1,4,0,0,4,0,0.13,0.54,0.67,0.13,0.67
144,Daniele De Rossi,it ITA,MF,it Roma,34,1983,10,9,776,1,1,1,1,0,0,0.12,0.12,0.23,0,0.12
145,Mattia De Sciglio,it ITA,DF,it Juventus,24,1992,6,6,393,0,0,0,0,0,0,0,0,0,0,0
146,Grégoire Defrel,mq MTQ,FW,it Roma,26,1991,5,2,166,0,0,0,0,0,0,0,0,0,0,0
147,Fabian Delph,eng ENG,DF,eng Manchester City,27,1989,5,4,383,0,0,0,0,0,0,0,0,0,0,0
148,Mousa Dembélé,be BEL,MF,eng Tottenham,30,1987,6,3,328,0,0,0,0,2,0,0,0,0,0,0
149,Moussa Dembélé,fr FRA,FW,sco Celtic,21,1996,4,3,266,1,0,0,0,0,0,0.34,0,0.34,0.34,0.34
150,Ousmane Dembélé,fr FRA,"MF,FW",es Barcelona,20,1997,3,2,143,1,0,0,0,0,0,0.63,0,0.63,0.63,0.63
Rk,Player,Nation,Pos,Squad,Age,Born,MP,Starts,Min,Gls,Ast,PK,PKatt,CrdY,CrdR,Gls,Ast,G+A,G-PK,G+A-PK
151,Diego Demme,de GER,MF,de RB Leipzig,25,1991,4,3,325,0,0,0,0,1,0,0,0,0,0,0
152,Leander Dendoncker,be BEL,"MF,DF",be Anderlecht,22,1995,6,6,540,0,0,0,0,1,0,0,0,0,0,0
153,Dentinho,br BRA,"FW,MF",ua Shakhtar,28,1989,5,0,34,0,0,0,0,0,0,0,0,0,0,0
154,Jan-Arie van der Heijden,nl NED,DF,nl Feyenoord,29,1988,1,1,90,0,0,0,0,0,0,0,0,0,0,0
155,Olivier Deschacht,be BEL,DF,be Anderlecht,36,1981,4,4,326,0,0,0,0,0,0,0,0,0,0,0
156,Gerard Deulofeu,es ESP,"MF,FW",es Barcelona,23,1994,3,2,147,0,0,0,0,0,0,0,0,0,0,0
157,Ángel Di María,ar ARG,FW,fr Paris S-G,29,1988,5,1,143,1,1,0,0,0,0,0.63,0.63,1.26,0.63,1.26
158,Adama Diakhaby,fr FRA,"FW,MF",fr Monaco,21,1996,5,3,228,0,0,0,0,2,0,0,0,0,0,0
159,Lassana Diarra,fr FRA,MF,fr Paris S-G,32,1985,1,0,5,0,0,0,0,0,0,0,0,0,0,0
160,Rúben Dias,pt POR,DF,pt Benfica,20,1997,2,2,180,0,0,0,0,1,0,0,0,0,0,0
161,Amadou Diawara,gn GUI,MF,it Napoli,20,1997,5,4,370,1,0,1,1,1,0,0.24,0,0.24,0,0
162,Brahim Díaz,es ESP,MF,eng Manchester City,17,1999,3,0,52,0,0,0,0,0,0,0,0,0,0,0
163,Serey Die,ci CIV,MF,ch Basel,32,1984,5,3,287,0,0,0,0,1,0,0,0,0,0,0
164,Eric Dier,eng ENG,"MF,DF",eng Tottenham,23,1994,7,7,614,0,1,0,0,1,0,0,0.15,0.15,0,0.15
165,Lucas Digne,fr FRA,DF,es Barcelona,24,1993,3,3,270,1,0,0,0,1,0,0.33,0,0.33,0.33,0.33
166,Virgil van Dijk,nl NED,DF,eng Liverpool,26,1991,6,6,540,0,0,0,0,1,0,0,0,0,0,0
167,Kevin Diks,nl NED,DF,nl Feyenoord,20,1996,3,2,180,0,0,0,0,0,0,0,0,0,0,0
168,Joshgun Diniyev,az AZE,MF,az Qaraba_ FK,21,1995,2,0,64,0,0,0,0,0,0,0,0,0,0,0
169,Bas Dost,nl NED,FW,pt Sporting CP,28,1989,6,3,378,2,0,0,0,1,0,0.48,0,0.48,0.48,0.48
170,Douglas,br BRA,DF,pt Benfica,26,1990,3,3,270,0,0,0,0,0,0,0,0,0,0,0
171,Seydou Doumbia,ci CIV,FW,pt Sporting CP,29,1987,4,2,119,1,1,0,0,1,0,0.76,0.76,1.51,0.76,1.51
172,Julian Draxler,de GER,MF,fr Paris S-G,23,1993,8,3,315,0,1,0,0,1,0,0,0.29,0.29,0,0.29
173,Danny Drinkwater,eng ENG,MF,eng Chelsea,27,1990,3,0,40,0,0,0,0,0,0,0,0,0,0,0
174,Paulo Dybala,ar ARG,"MF,FW",it Juventus,23,1993,8,8,661,1,0,0,0,0,2,0.14,0,0.14,0.14,0.14
175,Alan Dzagoev,ru RUS,"MF,FW",ru CSKA Moscow,27,1990,5,4,367,2,0,0,0,1,0,0.49,0,0.49,0.49,0.49
Rk,Player,Nation,Pos,Squad,Age,Born,MP,Starts,Min,Gls,Ast,PK,PKatt,CrdY,CrdR,Gls,Ast,G+A,G-PK,G+A-PK
176,Edin D_eko,ba BIH,FW,it Roma,31,1986,12,12,"1,078",8,2,0,0,1,0,0.67,0.17,0.83,0.67,0.83
177,Georgi Dzhikiya,ru RUS,DF,ru Spartak Moscow,23,1993,5,5,420,0,0,0,0,4,0,0,0,0,0,0
178,Lorenzo Ebecilio,nl NED,"MF,FW",cy APOEL FC,25,1991,4,3,259,0,0,0,0,2,0,0,0,0,0,0
179,Ederson,br BRA,GK,eng Manchester City,23,1993,9,9,810,0,0,0,0,1,0,0,0,0,0,0
180,Odsonne Édouard,fr FRA,FW,sco Celtic,19,1998,2,0,37,0,0,0,0,0,0,0,0,0,0,0
181,Giorgos Efrem,cy CYP,MF,cy APOEL FC,28,1989,1,0,30,0,0,0,0,0,0,0,0,0,0,0
182,Omar Elabdellaoui,no NOR,DF,gr Olympiacos,25,1991,4,4,360,0,0,0,0,2,0,0,0,0,0,0
183,Eliseu,pt POR,DF,pt Benfica,33,1983,3,2,199,0,0,0,0,1,0,0,0,0,0,0
184,Mohamed Elyounoussi,no NOR,"FW,MF",ch Basel,22,1994,8,7,641,2,1,0,0,0,0,0.28,0.14,0.42,0.28,0.42
185,Tarik Elyounoussi,no NOR,"FW,MF",az Qaraba_ FK,29,1988,3,0,32,0,0,0,0,0,0,0,0,0,0,0
186,Emmanuel Emenike,ng NGA,FW,gr Olympiacos,30,1987,2,1,116,0,0,0,0,0,0,0,0,0,0,0
187,Björn Engels,be BEL,DF,gr Olympiacos,22,1994,5,5,450,0,0,0,0,1,0,0,0,0,0,0
188,Christian Eriksen,dk DEN,MF,eng Tottenham,25,1992,6,6,535,2,1,0,0,0,0,0.34,0.17,0.5,0.34,0.5
189,Caner Erkin,tr TUR,DF,tr Be_ikta_,28,1988,6,6,519,0,1,0,0,2,0,0,0.17,0.17,0,0.17
190,Sergio Escudero,es ESP,DF,es Sevilla,27,1989,10,10,900,0,2,0,0,2,0,0,0.2,0.2,0,0.2
191,Fabinho,br BRA,MF,fr Monaco,23,1993,5,5,450,0,0,0,0,2,0,0,0,0,0,0
192,Cesc Fàbregas,es ESP,MF,eng Chelsea,30,1987,8,8,691,1,1,1,1,0,0,0.13,0.13,0.26,0,0.13
193,Fabricio,es ESP,GK,tr Be_ikta_,29,1987,6,6,540,0,0,0,0,1,0,0,0,0,0,0
194,Radamel Falcao,co COL,FW,fr Monaco,31,1986,5,4,383,3,0,0,0,0,0,0.7,0,0.7,0.7,0.7
195,Agustín Farías,ar ARG,MF,cy APOEL FC,29,1987,4,0,84,0,0,0,0,1,0,0,0,0,0,0
196,Federico Fazio,ar ARG,DF,it Roma,30,1987,11,10,922,0,1,0,0,2,0,0,0.1,0.1,0,0.1
197,Ljubomir Fejsa,rs SRB,MF,pt Benfica,28,1988,4,4,360,0,0,0,0,0,0,0,0,0,0,0
198,Felipe,br BRA,DF,pt Porto,28,1989,7,7,578,1,1,0,0,0,1,0.16,0.16,0.31,0.16,0.31
199,Marouane Fellaini,be BEL,MF,eng Manchester Utd,29,1987,3,2,221,1,0,0,0,0,0,0.41,0,0.41,0.41,0.41
200,Bruno Fernandes,pt POR,MF,pt Sporting CP,22,1994,6,6,537,1,1,0,0,2,0,0.17,0.17,0.34,0.17,0.34
Rk,Player,Nation,Pos,Squad,Age,Born,MP,Starts,Min,Gls,Ast,PK,PKatt,CrdY,CrdR,Gls,Ast,G+A,G-PK,G+A-PK
201,Mário Fernandes,ru RUS,"MF,DF",ru CSKA Moscow,26,1990,6,6,540,0,1,0,0,1,0,0,0.17,0.17,0,0.17
202,Augusto Fernández,ar ARG,MF,es Atlético Madrid,31,1986,1,1,58,0,0,0,0,0,0,0,0,0,0,0
203,Fernandinho,br BRA,"MF,DF",eng Manchester City,32,1985,8,8,682,0,0,0,0,2,0,0,0,0,0,0
204,Fernando,br BRA,MF,ru Spartak Moscow,25,1992,6,6,540,1,1,0,0,2,0,0.17,0.17,0.33,0.17,0.33
205,Facundo Ferreyra,ar ARG,FW,ua Shakhtar,26,1991,8,8,703,3,1,0,0,3,0,0.38,0.13,0.51,0.38,0.51
206,Diogo Figueiras,pt POR,"DF,MF",gr Olympiacos,26,1991,4,4,360,0,2,0,0,3,0,0,0.5,0.5,0,0.5
207,Tobias Figueiredo,pt POR,DF,pt Sporting CP,23,1994,1,0,13,0,0,0,0,0,0,0,0,0,0,0
208,Roberto Firmino,br BRA,FW,eng Liverpool,25,1991,13,13,"1,056",10,8,0,1,2,0,0.85,0.68,1.53,0.85,1.53
209,Alessandro Florenzi,it ITA,"DF,MF",it Roma,26,1991,10,8,708,0,0,0,0,2,0,0,0,0,0,0
210,Phil Foden,eng ENG,MF,eng Manchester City,17,2000,3,2,194,0,0,0,0,0,0,0,0,0,0,0
211,James Forrest,sco SCO,"MF,FW",sco Celtic,26,1991,6,3,306,0,1,0,0,0,0,0,0.29,0.29,0,0.29
212,Emil Forsberg,se SWE,MF,de RB Leipzig,25,1991,5,5,412,2,0,0,0,0,0,0.44,0,0.44,0.44,0.44
213,Hernâni Fortes,pt POR,"FW,MF",pt Porto,25,1991,2,0,17,0,0,0,0,0,0,0,0,0,0,0
214,Kostas Fortounis,gr GRE,"MF,FW",gr Olympiacos,24,1992,6,3,246,0,1,0,0,0,0,0,0.37,0.37,0,0.37
215,Juan Foyth,ar ARG,DF,eng Tottenham,19,1998,1,1,90,0,0,0,0,0,0,0,0,0,0,0
216,Alexander Fransson,se SWE,MF,ch Basel,23,1994,3,0,10,0,0,0,0,0,0,0,0,0,0,0
217,Fred,br BRA,MF,ua Shakhtar,24,1993,8,8,720,1,1,0,0,2,0,0.12,0.12,0.25,0.12,0.25
218,Fabian Frei,ch SUI,"MF,DF",ch Basel,28,1989,2,2,180,0,0,0,0,0,0,0,0,0,0,0
219,Marco Friedl,at AUT,DF,de Bayern Munich,19,1998,1,1,90,0,0,0,0,0,0,0,0,0,0,0
220,Gabi,es ESP,MF,es Atlético Madrid,34,1983,5,4,347,0,0,0,0,0,0,0,0,0,0,0
221,Nicolás Gaitán,ar ARG,MF,es Atlético Madrid,29,1988,4,1,123,0,0,0,0,0,0,0,0,0,0,0
222,Cristian Gamboa,cr CRC,DF,sco Celtic,27,1989,1,1,90,0,0,0,0,0,0,0,0,0,0,0
223,Kévin Gameiro,fr FRA,FW,es Atlético Madrid,30,1987,3,2,164,1,0,0,0,0,0,0.55,0,0.55,0.55,0.55
224,Ganso,br BRA,MF,es Sevilla,27,1989,1,0,31,1,0,0,0,0,0,2.9,0,2.9,2.9,2.9
225,Gara Garayev,az AZE,MF,az Qaraba_ FK,24,1992,6,6,520,0,0,0,0,1,0,0,0,0,0,0
Rk,Player,Nation,Pos,Squad,Age,Born,MP,Starts,Min,Gls,Ast,PK,PKatt,CrdY,CrdR,Gls,Ast,G+A,G-PK,G+A-PK
226,David de Gea,es ESP,GK,eng Manchester Utd,26,1990,6,6,540,0,0,0,0,0,0,0,0,0,0,0
227,Johannes Geis,de GER,DF,es Sevilla,23,1993,2,1,91,0,0,0,0,0,0,0,0,0,0,0
228,Anthony Georgiou,cy CYP,MF,eng Tottenham,20,1997,1,0,6,0,0,0,0,0,0,0,0,0,0,0
229,Pieter Gerkens,be BEL,"FW,MF",be Anderlecht,21,1995,5,5,404,0,0,0,0,0,0,0,0,0,0,0
230,Gerson,br BRA,FW,it Roma,20,1997,6,2,220,0,0,0,0,0,0,0,0,0,0,0
231,Rachid Ghezzal,dz ALG,MF,fr Monaco,25,1992,4,2,142,0,0,0,0,0,1,0,0,0,0,0
232,Faouzi Ghoulam,dz ALG,DF,it Napoli,26,1991,4,4,301,0,0,0,0,0,0,0,0,0,0,0
233,Guillaume Gillet,be BEL,MF,gr Olympiacos,33,1984,4,3,250,0,0,0,0,0,0,0,0,0,0,0
234,Olivier Giroud,fr FRA,FW,eng Chelsea,30,1986,1,1,67,0,0,0,0,1,0,0,0,0,0,0
235,Kamil Glik,pl POL,DF,fr Monaco,29,1988,6,6,540,1,0,1,1,0,0,0.17,0,0.17,0,0
236,Denis Glushakov,ru RUS,MF,ru Spartak Moscow,30,1987,5,4,336,1,1,0,0,1,0,0.27,0.27,0.54,0.27,0.54
237,Diego Godín,uy URU,DF,es Atlético Madrid,31,1986,4,4,360,0,0,0,0,0,0,0,0,0,0,0
238,Aleksandr Golovin,ru RUS,MF,ru CSKA Moscow,21,1996,6,6,537,0,1,0,0,2,0,0,0.17,0.17,0,0.17
239,André Gomes,pt POR,MF,es Barcelona,24,1993,9,1,170,0,0,0,0,1,0,0,0,0,0,0
240,Joe Gomez,eng ENG,DF,eng Liverpool,20,1997,5,4,371,0,0,0,0,1,2,0,0,0,0,0
241,Maxime Gonalons,fr FRA,MF,it Roma,28,1989,6,3,309,0,1,0,0,1,0,0,0.29,0.29,0,0.29
242,Diogo Gonçalves,pt POR,"FW,MF",pt Benfica,20,1997,4,4,267,0,0,0,0,1,0,0,0,0,0,0
243,Gökhan Gönül,tr TUR,DF,tr Be_ikta_,32,1985,4,3,291,0,1,0,0,1,0,0,0.31,0.31,0,0.31
244,Craig Gordon,sco SCO,GK,sco Celtic,34,1982,6,6,540,0,0,0,0,0,0,0,0,0,0,0
245,Astemir Gordyushenko,ru RUS,MF,ru CSKA Moscow,20,1997,2,0,31,0,0,0,0,0,0,0,0,0,0,0
246,Mario Götze,de GER,MF,de Dortmund,25,1992,5,4,370,0,1,0,0,0,0,0,0.24,0.24,0,0.24
247,Antoine Griezmann,fr FRA,FW,es Atlético Madrid,26,1991,6,6,529,2,2,1,1,1,0,0.34,0.34,0.68,0.17,0.51
248,Leigh Griffiths,sco SCO,FW,sco Celtic,26,1990,5,3,248,1,0,0,0,0,0,0.36,0,0.36,0.36,0.36
249,Álex Grimaldo,es ESP,DF,pt Benfica,21,1995,4,4,321,0,0,0,0,0,0,0,0,0,0,0
250,Marko Gruji_,rs SRB,MF,eng Liverpool,21,1996,1,0,5,0,0,0,0,0,0,0,0,0,0,0
Rk,Player,Nation,Pos,Squad,Age,Born,MP,Starts,Min,Gls,Ast,PK,PKatt,CrdY,CrdR,Gls,Ast,G+A,G-PK,G+A-PK
251,Raúl Gudiño,mx MEX,GK,cy APOEL FC,21,1996,1,0,45,0,0,0,0,0,0,0,0,0,0,0
252,Raphaël Guerreiro,pt POR,"MF,DF",de Dortmund,23,1993,3,3,252,1,0,0,0,0,0,0.36,0,0.36,0.36,0.36
253,Wilde-Donald Guerrier,ht HAI,"MF,FW",az Qaraba_ FK,28,1989,6,4,354,0,1,0,0,1,0,0,0.25,0.25,0,0.25
254,Péter Gulácsi,hu HUN,GK,de RB Leipzig,27,1990,6,6,540,0,0,0,0,0,0,0,0,0,0,0
255,_lkay Gündo_an,de GER,MF,eng Manchester City,26,1990,9,6,503,2,2,0,0,2,0,0.36,0.36,0.72,0.36,0.72
256,Achraf Hakimi,ma MAR,DF,es Real Madrid,18,1998,2,2,180,0,0,0,0,0,0,0,0,0,0,0
257,Marcel Halstenberg,de GER,DF,de RB Leipzig,25,1991,6,6,472,0,1,0,0,2,0,0,0.19,0.19,0,0.19
258,Marek Ham_ík,sk SVK,MF,it Napoli,30,1987,6,6,465,0,1,0,0,0,0,0,0.19,0.19,0,0.19
259,Jasmin Handanovi_,si SVN,GK,si NK Maribor,39,1978,6,6,540,0,0,0,0,0,0,0,0,0,0,0
260,Sofiane Hanni,dz ALG,"MF,FW",be Anderlecht,26,1990,6,6,471,1,0,0,0,0,0,0.19,0,0.19,0.19,0.19
261,Ridgeciano Haps,nl NED,DF,nl Feyenoord,24,1993,4,4,360,0,0,0,0,0,0,0,0,0,0,0
262,Hamdi Harbaoui,tn TUN,FW,be Anderlecht,32,1985,2,0,14,0,0,0,0,0,0,0,0,0,0,0
263,Eden Hazard,be BEL,"FW,MF",eng Chelsea,26,1991,8,7,611,3,3,1,1,0,0,0.44,0.44,0.88,0.29,0.74
264,Jordan Henderson,eng ENG,MF,eng Liverpool,27,1990,10,9,868,0,0,0,0,3,0,0,0,0,0,0
265,Pedro Henrique,br BRA,MF,az Qaraba_ FK,27,1990,4,4,281,1,0,0,0,1,1,0.32,0,0.32,0.32,0.32
266,Lucas Hernández,fr FRA,DF,es Atlético Madrid,21,1996,3,3,270,0,0,0,0,1,0,0,0,0,0,0
267,Theo Hernández,fr FRA,DF,es Real Madrid,19,1997,3,1,131,0,0,0,0,0,0,0,0,0,0,0
268,Ander Herrera,es ESP,MF,eng Manchester Utd,27,1989,6,5,376,0,0,0,0,0,0,0,0,0,0,0
269,Héctor Herrera,mx MEX,MF,pt Porto,27,1990,6,6,531,1,1,0,0,1,0,0.17,0.17,0.34,0.17,0.34
270,Son Heung-min,kr KOR,"MF,FW",eng Tottenham,25,1992,7,5,426,4,0,0,0,0,0,0.85,0,0.85,0.85,0.85
271,Gonzalo Higuaín,ar ARG,FW,it Juventus,29,1987,10,9,830,5,1,1,2,1,0,0.54,0.11,0.65,0.43,0.54
272,Dino Hoti_,ba BIH,MF,si NK Maribor,22,1995,5,1,151,0,0,0,0,1,0,0,0,0,0,0
273,Mats Hummels,de GER,DF,de Bayern Munich,28,1988,9,8,679,1,0,0,0,1,0,0.13,0,0.13,0.13,0.13
274,Badavi Huseynov,az AZE,DF,az Qaraba_ FK,26,1991,3,3,270,0,0,0,0,1,0,0,0,0,0,0
275,Atiba Hutchinson,ca CAN,MF,tr Be_ikta_,34,1983,7,6,563,0,0,0,0,1,0,0,0,0,0,0
Rk,Player,Nation,Pos,Squad,Age,Born,MP,Starts,Min,Gls,Ast,PK,PKatt,CrdY,CrdR,Gls,Ast,G+A,G-PK,G+A-PK
276,Elseid Hysaj,al ALB,DF,it Napoli,23,1994,6,6,520,0,0,0,0,0,0,0,0,0,0,0
277,Zlatan Ibrahimovi_,se SWE,FW,eng Manchester Utd,35,1981,1,0,16,0,0,0,0,0,0,0,0,0,0,0
278,Sergei Ignashevich,ru RUS,DF,ru CSKA Moscow,38,1979,4,4,316,0,0,0,0,0,0,0,0,0,0,0
279,Stefan Ilsanker,at AUT,"DF,MF",de RB Leipzig,28,1989,3,3,262,0,0,0,0,0,2,0,0,0,0,0
280,Danny Ings,eng ENG,FW,eng Liverpool,25,1992,4,0,54,0,1,0,0,0,0,0,1.67,1.67,0,1.67
281,Andrés Iniesta,es ESP,MF,es Barcelona,33,1984,8,8,624,0,3,0,0,0,0,0,0.43,0.43,0,0.43
282,Lorenzo Insigne,it ITA,FW,it Napoli,26,1991,5,5,391,3,0,0,0,1,0,0.69,0,0.69,0.69,0.69
283,Alexander Isak,se SWE,FW,de Dortmund,17,1999,1,0,8,0,0,0,0,0,0,0,0,0,0,0
284,Isco,es ESP,"MF,FW",es Real Madrid,25,1992,11,10,736,0,2,0,0,1,0,0,0.24,0.24,0,0.24
285,Ismaily,br BRA,DF,ua Shakhtar,27,1990,8,8,694,1,0,0,0,1,0,0.13,0,0.13,0.13,0.13
286,Afran Ismayilov,az AZE,"MF,FW",az Qaraba_ FK,28,1988,2,1,76,0,0,0,0,0,0,0,0,0,0,0
287,Cedric Itten,ch SUI,"FW,MF",ch Basel,20,1996,1,0,6,0,0,0,0,0,0,0,0,0,0,0
288,Jardel,br BRA,DF,pt Benfica,31,1986,4,4,360,0,0,0,0,0,0,0,0,0,0,0
289,Jemerson,br BRA,DF,fr Monaco,24,1992,6,6,540,0,0,0,0,2,0,0,0,0,0,0
290,Gabriel Jesus,br BRA,FW,eng Manchester City,20,1997,9,7,618,4,0,0,0,2,0,0.58,0,0.58,0.58,0.58
291,Juan Jesus,br BRA,DF,it Roma,26,1991,6,6,517,0,0,0,0,2,0,0,0,0,0,0
292,Raúl Jiménez,mx MEX,FW,pt Benfica,26,1991,5,3,308,0,0,0,0,0,0,0,0,0,0,0
293,Jonas,br BRA,FW,pt Benfica,33,1984,6,3,287,0,0,0,0,0,0,0,0,0,0,0
294,Brad Jones,au AUS,GK,nl Feyenoord,35,1982,5,5,450,0,0,0,0,1,0,0,0,0,0,0
295,Jorge,br BRA,DF,fr Monaco,21,1996,4,4,360,0,0,0,0,2,0,0,0,0,0,0
296,Jorginho,it ITA,MF,it Napoli,25,1991,2,2,162,1,1,1,1,0,0,0.56,0.56,1.11,0,0.56
297,Stevan Joveti_,me MNE,"FW,MF",fr Monaco,27,1989,1,0,64,0,0,0,0,0,0,0,0,0,0,0
298,Juanfran,es ESP,DF,es Atlético Madrid,32,1985,3,3,270,0,0,0,0,0,0,0,0,0,0,0
299,Nicolai Jørgensen,dk DEN,FW,nl Feyenoord,26,1991,4,3,258,2,0,0,0,0,0,0.7,0,0.7,0.7,0.7
300,Marwan Kabha,il ISR,MF,si NK Maribor,26,1991,6,6,524,0,0,0,0,0,0,0,0,0,0,0
Rk,Player,Nation,Pos,Squad,Age,Born,MP,Starts,Min,Gls,Ast,PK,PKatt,CrdY,CrdR,Gls,Ast,G+A,G-PK,G+A-PK
301,Shinji Kagawa,jp JPN,"MF,FW",de Dortmund,28,1989,5,5,402,0,2,0,0,0,0,0,0.45,0.45,0,0.45
302,Dominik Kaiser,de GER,MF,de RB Leipzig,28,1988,1,0,16,0,0,0,0,0,0,0,0,0,0,0
303,Kevin Kampl,si SVN,MF,de RB Leipzig,26,1990,6,4,415,0,1,0,0,0,0,0,0.22,0.22,0,0.22
304,Harry Kane,eng ENG,FW,eng Tottenham,24,1993,7,7,597,7,2,0,0,0,0,1.06,0.3,1.36,1.06,1.36
305,N'Golo Kanté,fr FRA,MF,eng Chelsea,26,1991,6,6,498,0,0,0,0,0,0,0,0,0,0,0
306,Stefanos Kapino,gr GRE,GK,gr Olympiacos,23,1994,1,1,90,0,0,0,0,0,0,0,0,0,0,0
307,Loris Karius,de GER,GK,eng Liverpool,24,1993,13,13,"1,170",0,0,0,0,0,0,0,0,0,0,0
308,Naby Keïta,gn GUI,MF,de RB Leipzig,22,1995,5,5,419,2,0,0,0,1,0,0.43,0,0.43,0.43,0.43
309,Sami Khedira,de GER,"MF,FW",it Juventus,30,1987,8,8,633,0,3,0,0,0,0,0,0.43,0.43,0,0.43
310,Davit Khocholava,ge GEO,DF,ua Shakhtar,24,1993,4,1,104,0,0,0,0,1,0,0,0,0,0,0
311,Khetag Khosonov,ru RUS,MF,ru CSKA Moscow,19,1998,1,0,1,0,0,0,0,0,0,0,0,0,0,0
312,Joshua Kimmich,de GER,DF,de Bayern Munich,22,1995,11,10,897,4,3,0,0,2,0,0.4,0.3,0.7,0.4,0.7
313,Presnel Kimpembe,fr FRA,DF,fr Paris S-G,21,1995,3,2,198,0,0,0,0,0,0,0,0,0,0,0
314,Simon Kjær,dk DEN,DF,es Sevilla,28,1989,6,6,540,1,0,0,0,0,0,0.17,0,0.17,0.17,0.17
315,Ragnar Klavan,ee EST,DF,eng Liverpool,31,1985,7,3,296,0,0,0,0,0,0,0,0,0,0,0
316,Lukas Klostermann,de GER,DF,de RB Leipzig,21,1996,6,4,462,0,0,0,0,0,0,0,0,0,0,0
317,Koke,es ESP,MF,es Atlético Madrid,25,1992,4,4,333,0,0,0,0,0,0,0,0,0,0,0
318,Aleksandar Kolarov,rs SRB,"DF,MF",it Roma,31,1985,12,12,"1,080",1,3,0,0,1,0,0.08,0.25,0.33,0.08,0.33
319,Dmitri Kombarov,ru RUS,"DF,MF",ru Spartak Moscow,30,1987,4,4,360,0,1,0,0,0,0,0,0.25,0.25,0,0.25
320,Vincent Kompany,be BEL,DF,eng Manchester City,31,1986,2,2,180,0,0,0,0,0,0,0,0,0,0,0
321,Terence Kongolo,nl NED,DF,fr Monaco,23,1994,1,1,90,0,0,0,0,0,0,0,0,0,0,0
322,Eboue Kouassi,ci CIV,MF,sco Celtic,19,1997,1,0,21,0,0,0,0,0,0,0,0,0,0,0
323,Kalidou Koulibaly,sn SEN,DF,it Napoli,26,1991,5,5,450,0,0,0,0,3,0,0,0,0,0,0
324,Leonardo Koutris,gr GRE,DF,gr Olympiacos,22,1995,5,5,450,0,0,0,0,2,0,0,0,0,0,0
325,Mateo Kova_i_,hr CRO,MF,es Real Madrid,23,1994,7,4,257,0,1,0,0,2,0,0,0.35,0.35,0,0.35
Rk,Player,Nation,Pos,Squad,Age,Born,MP,Starts,Min,Gls,Ast,PK,PKatt,CrdY,CrdR,Gls,Ast,G+A,G-PK,G+A-PK
326,Viktor Kovalenko,ua UKR,MF,ua Shakhtar,21,1996,5,0,41,0,0,0,0,1,0,0,0,0,0,0
327,Martin Kramari_,si SVN,MF,si NK Maribor,19,1997,3,1,98,0,1,0,0,0,0,0,0.92,0.92,0,0.92
328,Michiel Kramer,nl NED,FW,nl Feyenoord,28,1988,2,1,85,0,0,0,0,1,0,0,0,0,0,0
329,Michael Krohn-Dehli,dk DEN,MF,es Sevilla,34,1983,3,2,140,0,0,0,0,0,0,0,0,0,0,0
330,Toni Kroos,de GER,MF,es Real Madrid,27,1990,12,10,952,0,1,0,0,0,0,0,0.09,0.09,0,0.09
331,Serhiy Kryvtsov,ua UKR,DF,ua Shakhtar,26,1991,1,1,45,0,0,0,0,0,0,0,0,0,0,0
332,Konstantin Kuchayev,ru RUS,"MF,FW",ru CSKA Moscow,19,1998,6,2,222,1,0,0,0,0,0,0.41,0,0.41,0.41,0.41
333,Sven Kums,be BEL,"MF,DF",be Anderlecht,29,1988,5,5,338,0,0,0,0,0,1,0,0,0,0,0
334,Layvin Kurzawa,fr FRA,DF,fr Paris S-G,24,1992,6,6,540,3,2,0,0,0,0,0.5,0.33,0.83,0.5,0.83
335,Ilya Kutepov,ru RUS,DF,ru Spartak Moscow,24,1993,3,3,270,0,0,0,0,1,0,0,0,0,0,0
336,Léo Lacroix,ch SUI,DF,ch Basel,25,1992,2,2,180,0,0,0,0,1,0,0,0,0,0,0
337,Roberto Lago,es ESP,DF,cy APOEL FC,31,1985,5,5,450,0,0,0,0,0,0,0,0,0,0,0
338,Konrad Laimer,at AUT,"DF,MF",de RB Leipzig,20,1997,1,0,11,0,0,0,0,0,0,0,0,0,0,0
339,Adam Lallana,eng ENG,FW,eng Liverpool,29,1988,2,1,149,0,0,0,0,0,0,0,0,0,0,0
340,Érik Lamela,ar ARG,MF,eng Tottenham,25,1992,2,1,105,0,0,0,0,0,0,0,0,0,0,0
341,Michael Lang,ch SUI,MF,ch Basel,26,1991,8,8,720,3,1,0,0,1,0,0.37,0.12,0.5,0.37,0.5
342,Aymeric Laporte,fr FRA,DF,eng Manchester City,23,1994,3,3,270,0,0,0,0,0,0,0,0,0,0,0
343,Sam Larsson,se SWE,FW,nl Feyenoord,24,1993,6,1,157,0,0,0,0,0,0,0,0,0,0,0
344,Miguel Layún,mx MEX,DF,pt Porto,29,1988,2,1,109,1,0,0,0,0,0,0.83,0,0.83,0.83,0.83
345,Thomas Lemar,fr FRA,MF,fr Monaco,21,1995,3,3,179,0,0,0,0,0,0,0,0,0,0,0
346,Clément Lenglet,fr FRA,DF,es Sevilla,22,1995,9,9,810,1,0,0,0,0,0,0.11,0,0.11,0.11,0.11
347,Jeremain Lens,nl NED,MF,tr Be_ikta_,29,1987,2,2,150,0,0,0,0,1,0,0,0,0,0,0
348,Robert Lewandowski,pl POL,FW,de Bayern Munich,28,1988,11,11,955,5,1,1,1,2,0,0.47,0.09,0.57,0.38,0.47
349,Stephan Lichtsteiner,ch SUI,"DF,MF",it Juventus,33,1984,2,0,102,0,1,0,0,1,0,0,0.88,0.88,0,0.88
350,Victor Lindelöf,se SWE,DF,eng Manchester Utd,23,1994,5,5,450,0,0,0,0,0,0,0,0,0,0,0
Rk,Player,Nation,Pos,Squad,Age,Born,MP,Starts,Min,Gls,Ast,PK,PKatt,CrdY,CrdR,Gls,Ast,G+A,G-PK,G+A-PK
351,Jesse Lingard,eng ENG,"MF,FW",eng Manchester Utd,24,1992,6,3,244,0,0,0,0,2,0,0,0,0,0,0
352,Fernando Llorente,es ESP,FW,eng Tottenham,32,1985,7,2,225,1,1,0,0,0,0,0.4,0.4,0.8,0.4,0.8
353,Marcos Llorente,es ESP,MF,es Real Madrid,22,1995,1,0,21,0,0,0,0,0,0,0,0,0,0,0
354,Hugo Lloris,fr FRA,GK,eng Tottenham,30,1986,7,7,630,0,0,0,0,0,0,0,0,0,0,0
355,Giovani Lo Celso,ar ARG,MF,fr Paris S-G,21,1996,7,1,150,0,1,0,0,1,0,0,0.6,0.6,0,0.6
356,Rony Lopes,pt POR,MF,fr Monaco,21,1995,5,3,301,1,1,0,0,1,0,0.3,0.3,0.6,0.3,0.6
357,Lisandro López,ar ARG,DF,pt Benfica,27,1989,2,2,179,0,0,0,0,0,0,0,0,0,0,0
358,Vágner Love,br BRA,FW,tr Be_ikta_,33,1984,2,2,132,1,0,0,0,0,0,0.68,0,0.68,0.68,0.68
359,Dejan Lovren,hr CRO,DF,eng Liverpool,28,1989,12,12,"1,050",0,1,0,0,2,0,0,0.09,0.09,0,0.09
360,Filipe Luís,br BRA,DF,es Atlético Madrid,31,1985,6,6,540,0,0,0,0,1,0,0,0,0,0,0
361,Zé Luís,cv CPV,FW,ru Spartak Moscow,26,1991,3,2,159,2,0,0,0,0,0,1.13,0,1.13,1.13,1.13
362,Luisão,br BRA,DF,pt Benfica,36,1981,4,4,360,0,0,0,0,1,2,0,0,0,0,0
363,David Luiz,br BRA,"DF,MF",eng Chelsea,30,1987,4,4,327,1,0,0,0,1,0,0.28,0,0.28,0.28,0.28
364,Romelu Lukaku,be BEL,FW,eng Manchester Utd,24,1993,8,8,704,5,0,0,0,0,0,0.64,0,0.64,0.64,0.64
365,Mikael Lustig,se SWE,DF,sco Celtic,30,1986,6,6,463,0,0,0,0,0,0,0,0,0,0,0
366,Mahir Madatov,az AZE,"MF,FW",az Qaraba_ FK,20,1997,5,4,322,0,0,0,0,0,0,0,0,0,0,0
367,Christian Maggio,it ITA,DF,it Napoli,35,1982,4,2,233,0,0,0,0,2,0,0,0,0,0,0
368,Abdul Majeed Waris,gh GHA,MF,pt Porto,25,1991,2,1,96,0,0,0,0,0,0,0,0,0,0,0
369,Andreas Makris,cy CYP,"FW,MF",cy APOEL FC,21,1995,1,0,28,0,0,0,0,0,0,0,0,0,0,0
370,Nikola Maksimovi_,rs SRB,DF,it Napoli,25,1991,1,1,90,0,0,0,0,0,0,0,0,0,0,0
371,Tyrell Malacia,nl NED,DF,nl Feyenoord,17,1999,1,1,90,0,0,0,0,0,0,0,0,0,0,0
372,Mario Mand_uki_,hr CRO,"MF,FW",it Juventus,31,1986,6,5,457,4,0,0,0,2,0,0.79,0,0.79,0.79,0.79
373,Sadio Mané,sn SEN,FW,eng Liverpool,25,1992,11,11,940,10,2,0,0,2,0,0.96,0.19,1.15,0.96,1.15
374,Eliaquim Mangala,fr FRA,DF,eng Manchester City,26,1991,2,2,180,0,0,0,0,1,0,0,0,0,0,0
375,Kostas Manolas,gr GRE,DF,it Roma,26,1991,11,10,914,2,0,0,0,3,0,0.2,0,0.2,0.2,0.2
Rk,Player,Nation,Pos,Squad,Age,Born,MP,Starts,Min,Gls,Ast,PK,PKatt,CrdY,CrdR,Gls,Ast,G+A,G-PK,G+A-PK
376,Iván Marcano,es ESP,DF,pt Porto,30,1987,7,7,630,1,0,0,0,0,0,0.14,0,0.14,0.14,0.14
377,Marcelo,br BRA,DF,es Real Madrid,29,1988,11,11,958,3,3,0,0,1,0,0.28,0.28,0.56,0.28,0.56
378,Claudio Marchisio,it ITA,MF,it Juventus,31,1986,1,0,19,0,0,0,0,0,0,0,0,0,0,0
379,Moussa Marega,ml MLI,"MF,FW",pt Porto,26,1991,6,6,440,0,2,0,0,0,0,0,0.41,0.41,0,0.41
380,José María Giménez,uy URU,DF,es Atlético Madrid,22,1995,4,3,272,0,0,0,0,0,0,0,0,0,0,0
381,Marko Marin,de GER,"MF,FW",gr Olympiacos,28,1989,3,1,136,0,0,0,0,0,0,0,0,0,0,0
382,Marlos,ua UKR,MF,ua Shakhtar,29,1988,8,8,668,2,2,0,0,0,0,0.27,0.27,0.54,0.27,0.54
383,Marquinhos,br BRA,DF,fr Paris S-G,23,1994,8,8,720,0,1,0,0,1,0,0,0.12,0.12,0,0.12
384,Anthony Martial,fr FRA,"MF,FW",eng Manchester Utd,21,1995,8,4,343,1,2,1,2,0,0,0.26,0.52,0.79,0,0.52
385,Javi Martínez,es ESP,"MF,DF",de Bayern Munich,28,1988,10,8,740,1,0,0,0,0,0,0.12,0,0.12,0.12,0.12
386,Gelson Martins,pt POR,MF,pt Sporting CP,22,1995,6,5,462,1,3,0,0,2,0,0.19,0.58,0.78,0.19,0.78
387,Javier Mascherano,ar ARG,DF,es Barcelona,33,1984,2,1,134,0,0,0,0,0,0,0,0,0,0,0
388,Juan Mata,es ESP,"MF,FW",eng Manchester Utd,29,1988,6,5,411,0,1,0,0,0,0,0,0.22,0.22,0,0.22
389,Jérémy Mathieu,fr FRA,DF,pt Sporting CP,33,1983,5,5,437,0,0,0,0,0,0,0,0,0,0,0
390,Nemanja Mati_,rs SRB,MF,eng Manchester Utd,28,1988,7,6,564,0,0,0,0,0,0,0,0,0,0,0
391,Joël Matip,cm CMR,DF,eng Liverpool,25,1991,6,5,465,0,0,0,0,0,0,0,0,0,0,0
392,Blaise Matuidi,fr FRA,MF,it Juventus,30,1987,9,5,494,1,0,0,0,0,0,0.18,0,0.18,0.18,0.18
393,Borja Mayoral,es ESP,FW,es Real Madrid,20,1997,4,1,141,1,0,0,0,0,0,0.64,0,0.64,0.64,0.64
394,Kylian Mbappé,fr FRA,FW,fr Paris S-G,18,1998,8,8,658,4,3,0,0,1,0,0.55,0.41,0.96,0.55,0.96
395,Kara Mbodji,sn SEN,DF,be Anderlecht,27,1989,5,4,391,0,0,0,0,0,0,0,0,0,0,0
396,Callum McGregor,sco SCO,MF,sco Celtic,24,1993,4,3,295,1,0,0,0,0,0,0.31,0,0.31,0.31,0.31
397,Scott McTominay,sco SCO,MF,eng Manchester Utd,20,1996,4,2,203,0,0,0,0,1,0,0,0,0,0,0
398,Gary Medel,cl CHI,"MF,DF",tr Be_ikta_,29,1987,8,4,431,0,0,0,0,1,0,0,0,0,0,0
399,Maksim Medvedev,az AZE,DF,az Qaraba_ FK,27,1989,6,6,521,0,0,0,0,1,0,0,0,0,0,0
400,Soualiho Meïté,fr FRA,MF,fr Monaco,23,1994,1,1,66,0,0,0,0,0,0,0,0,0,0,0
Rk,Player,Nation,Pos,Squad,Age,Born,MP,Starts,Min,Gls,Ast,PK,PKatt,CrdY,CrdR,Gls,Ast,G+A,G-PK,G+A-PK
401,Lorenzo Melgarejo,py PAR,MF,ru Spartak Moscow,26,1990,6,1,209,1,1,0,0,0,0,0.43,0.43,0.86,0.43,0.86
402,Benjamin Mendy,fr FRA,DF,eng Manchester City,23,1994,1,1,90,0,0,0,0,0,0,0,0,0,0,0
403,Gabriel Mercado,ar ARG,DF,es Sevilla,30,1987,8,8,693,0,0,0,0,3,0,0,0,0,0,0
404,Giorgos Merkis,cy CYP,DF,cy APOEL FC,33,1984,2,2,180,0,0,0,0,0,0,0,0,0,0,0
405,Dries Mertens,be BEL,FW,it Napoli,30,1987,6,5,480,2,3,0,1,3,0,0.37,0.56,0.94,0.37,0.94
406,Jasmin Me_anovi_,ba BIH,FW,si NK Maribor,25,1992,5,1,98,1,0,0,0,0,0,0.92,0,0.92,0.92,0.92
407,Lionel Messi,ar ARG,FW,es Barcelona,30,1987,10,8,783,6,2,0,0,2,0,0.69,0.23,0.92,0.69,0.92
408,Thomas Meunier,be BEL,"DF,MF",fr Paris S-G,25,1991,1,0,24,0,0,0,0,1,0,0,0,0,0,0
409,Míchel,es ESP,MF,az Qaraba_ FK,31,1985,6,6,533,1,0,0,0,2,0,0.17,0,0.17,0.17,0.17
410,Georgi Milanov,bg BUL,MF,ru CSKA Moscow,25,1992,3,1,88,0,0,0,0,0,0,0,0,0,0,0
411,Martin Milec,si SVN,DF,si NK Maribor,25,1991,6,6,540,0,1,0,0,2,0,0,0.17,0.17,0,0.17
412,Arkadiusz Milik,pl POL,FW,it Napoli,23,1994,1,1,90,1,0,1,1,0,0,1,0,1,0,0
413,James Milner,eng ENG,MF,eng Liverpool,31,1986,11,9,875,0,9,0,1,1,0,0,0.93,0.93,0,0.93
414,Matej Mitrovi_,hr CRO,DF,tr Be_ikta_,23,1993,2,1,105,0,0,0,0,0,0,0,0,0,0,0
415,Henrikh Mkhitaryan,am ARM,MF,eng Manchester Utd,28,1989,4,3,284,1,0,0,0,0,0,0.32,0,0.32,0.32,0.32
416,Luka Modri_,hr CRO,MF,es Real Madrid,31,1985,11,11,958,1,1,0,0,2,0,0.09,0.09,0.19,0.09,0.19
417,Nuno Morais,pt POR,MF,cy APOEL FC,33,1984,6,6,510,0,0,0,0,0,0,0,0,0,0,0
418,Álvaro Morata,es ESP,FW,eng Chelsea,24,1992,7,4,383,1,0,0,0,1,0,0.23,0,0.23,0.23,0.23
419,Alberto Moreno,es ESP,DF,eng Liverpool,25,1992,8,7,563,0,3,0,0,2,0,0,0.48,0.48,0,0.48
420,Victor Moses,ng NGA,"MF,DF",eng Chelsea,26,1990,4,4,337,0,0,0,0,0,0,0,0,0,0,0
421,Thiago Motta,it ITA,MF,fr Paris S-G,34,1982,4,4,306,0,0,0,0,1,0,0,0,0,0,0
422,Lucas Moura,br BRA,"FW,MF",eng Tottenham,24,1992,1,0,1,0,0,0,0,0,0,0,0,0,0,0
423,João Moutinho,pt POR,MF,fr Monaco,30,1986,6,5,467,0,1,0,0,1,0,0,0.19,0.19,0,0.19
424,Thomas Müller,de GER,"MF,FW",de Bayern Munich,27,1989,10,8,734,3,2,0,0,1,0,0.37,0.25,0.61,0.37,0.61
425,Luis Muriel,co COL,FW,es Sevilla,26,1991,8,2,252,0,1,0,0,0,0,0,0.36,0.36,0,0.36
Rk,Player,Nation,Pos,Squad,Age,Born,MP,Starts,Min,Gls,Ast,PK,PKatt,CrdY,CrdR,Gls,Ast,G+A,G-PK,G+A-PK
426,Kévin N'Doram,fr FRA,MF,fr Monaco,21,1996,1,1,90,0,0,0,0,0,0,0,0,0,0,0
427,Georges-Kévin N'Koudou,fr FRA,MF,eng Tottenham,22,1995,2,1,105,1,0,0,0,0,0,0.86,0,0.86,0.86,0.86
428,Kirill Nababkin,ru RUS,MF,ru CSKA Moscow,30,1986,2,1,130,0,0,0,0,1,0,0,0,0,0,0
429,Ben Nabouhane,km COM,FW,gr Olympiacos,28,1989,2,0,37,0,0,0,0,0,0,0,0,0,0,0
430,Nacho,es ESP,DF,es Real Madrid,27,1990,8,6,595,1,0,0,0,1,0,0.15,0,0.15,0.15,0.15
431,Radja Nainggolan,be BEL,MF,it Roma,29,1988,11,11,959,2,2,1,1,0,0,0.19,0.19,0.38,0.09,0.28
432,Andy Najar,hn HON,DF,be Anderlecht,24,1993,1,1,26,0,0,0,0,0,0,0,0,0,0,0
433,Bibras Natkho,il ISR,MF,ru CSKA Moscow,29,1988,4,2,237,0,1,0,0,3,0,0,0.38,0.38,0,0.38
434,Jesús Navas,es ESP,"DF,FW",es Sevilla,31,1985,8,4,426,0,0,0,0,0,0,0,0,0,0,0
435,Keylor Navas,cr CRC,GK,es Real Madrid,30,1986,11,11,990,0,0,0,0,0,0,0,0,0,0,0
436,Dino Ndlovu,za RSA,FW,az Qaraba_ FK,27,1990,5,5,425,0,1,0,0,0,2,0,0.21,0.21,0,0.21
437,Álvaro Negredo,es ESP,FW,tr Be_ikta_,31,1985,5,1,108,1,1,1,1,0,0,0.83,0.83,1.67,0,0.83
438,Miquel Nelom,nl NED,DF,nl Feyenoord,26,1990,1,1,90,0,0,0,0,0,0,0,0,0,0,0
439,Manuel Neuer,de GER,GK,de Bayern Munich,31,1986,1,1,90,0,0,0,0,0,0,0,0,0,0,0
440,Neymar,br BRA,FW,fr Paris S-G,25,1992,7,7,630,6,4,0,0,2,0,0.86,0.57,1.43,0.86,1.43
441,Bart Nieuwkoop,nl NED,DF,nl Feyenoord,21,1996,4,3,245,0,0,0,0,0,0,0,0,0,0,0
442,Saúl Ñíguez,es ESP,MF,es Atlético Madrid,22,1994,6,6,540,1,0,0,0,0,0,0.17,0,0.17,0.17,0.17
443,Dimitris Nikolaou,gr GRE,DF,gr Olympiacos,18,1998,3,3,270,1,0,0,0,2,0,0.33,0,0.33,0.33,0.33
444,Nolito,es ESP,"FW,MF",es Sevilla,30,1986,5,4,315,0,0,0,0,0,0,0,0,0,0,0
445,Olivier Ntcham,fr FRA,"MF,DF",sco Celtic,21,1996,5,4,383,0,2,0,0,1,0,0,0.47,0.47,0,0.47
446,Steven Nzonzi,fr FRA,MF,es Sevilla,28,1988,8,8,676,0,0,0,0,2,0,0,0,0,0,0
447,Dimitri Oberlin,ch SUI,FW,ch Basel,19,1997,8,6,530,4,0,0,0,0,0,0.68,0,0.68,0.68,0.68
448,Jan Oblak,si SVN,GK,es Atlético Madrid,24,1993,6,6,540,0,0,0,0,0,0,0,0,0,0,0
449,Ivan Obradovi_,rs SRB,DF,be Anderlecht,29,1988,3,2,181,0,0,0,0,0,0,0,0,0,0,0
450,Vadis Odjidja-Ofoe,be BEL,"MF,FW",gr Olympiacos,28,1989,6,5,414,1,0,0,0,0,0,0.22,0,0.22,0.22,0.22
Rk,Player,Nation,Pos,Squad,Age,Born,MP,Starts,Min,Gls,Ast,PK,PKatt,CrdY,CrdR,Gls,Ast,G+A,G-PK,G+A-PK
451,Mattheus Oliveira,br BRA,"FW,MF",pt Sporting CP,23,1994,1,0,1,0,0,0,0,0,0,0,0,0,0,0
452,Sérgio Oliveira,pt POR,MF,pt Porto,25,1992,5,4,352,0,0,0,0,3,0,0,0,0,0,0
453,Henry Onyekuru,ng NGA,"FW,MF",be Anderlecht,20,1997,6,4,405,0,0,0,0,1,0,0,0,0,0,0
454,Willi Orban,hu HUN,DF,de RB Leipzig,24,1992,6,6,477,1,0,0,0,2,0,0.19,0,0.19,0.19,0.19
455,Ivan Ordets,ua UKR,DF,ua Shakhtar,25,1992,8,7,664,0,0,0,0,1,1,0,0,0,0,0
456,Nicolás Otamendi,ar ARG,DF,eng Manchester City,29,1988,8,8,720,1,0,0,0,2,0,0.12,0,0.12,0.12,0.12
457,Otávio,br BRA,MF,pt Porto,22,1995,2,1,90,0,0,0,0,0,0,0,0,0,0,0
458,Adam Ounas,dz ALG,"FW,MF",it Napoli,20,1996,3,0,36,0,0,0,0,0,0,0,0,0,0,0
459,Alex Oxlade-Chamberlain,eng ENG,"MF,FW",eng Liverpool,23,1993,7,4,320,2,0,0,0,0,0,0.56,0,0.56,0.56,0.56
460,O_uzhan Özyakup,tr TUR,MF,tr Be_ikta_,24,1992,7,5,444,0,0,0,0,2,0,0,0,0,0,0
461,Gonçalo Paciência,pt POR,FW,pt Porto,22,1994,2,0,26,0,0,0,0,0,0,0,0,0,0,0
462,João Palhinha,pt POR,MF,pt Sporting CP,22,1995,2,0,40,0,0,0,0,0,0,0,0,0,0,0
463,Sokratis Papastathopoulos,gr GRE,DF,de Dortmund,29,1988,5,5,450,1,0,0,0,1,0,0.2,0,0.2,0.2,0.2
464,Felipe Pardo,co COL,"MF,FW",gr Olympiacos,26,1990,6,3,300,2,0,0,0,1,0,0.6,0,0.6,0.6,0.6
465,Nicolás Pareja,ar ARG,DF,es Sevilla,33,1984,2,2,180,0,0,0,0,1,0,0,0,0,0,0
466,Thomas Partey,gh GHA,"MF,DF",es Atlético Madrid,24,1993,6,5,435,1,0,0,0,1,0,0.21,0,0.21,0.21,0.21
467,Mario Pa_ali_,hr CRO,MF,ru Spartak Moscow,22,1995,6,4,353,0,0,0,0,0,0,0,0,0,0,0
468,Javier Pastore,ar ARG,MF,fr Paris S-G,28,1989,3,0,68,0,0,0,0,0,0,0,0,0,0,0
469,Rui Patrício,pt POR,GK,pt Sporting CP,29,1988,6,6,540,0,0,0,0,0,0,0,0,0,0,0
470,Alan Patrick,br BRA,MF,ua Shakhtar,26,1991,3,0,54,0,0,0,0,0,0,0,0,0,0,0
471,Paulinho,br BRA,MF,es Barcelona,29,1988,9,4,401,0,0,0,0,1,0,0,0,0,0,0
472,Pedro,es ESP,"FW,MF",eng Chelsea,30,1987,7,4,388,1,2,0,0,0,0,0.23,0.46,0.7,0.23,0.7
473,Mustafa Pektemek,tr TUR,MF,tr Be_ikta_,28,1988,2,2,158,0,0,0,0,0,0,0,0,0,0,0
474,Lorenzo Pellegrini,it ITA,MF,it Roma,21,1996,8,4,296,0,1,0,0,0,0,0,0.3,0.3,0,0.3
475,Pepe,pt POR,DF,tr Be_ikta_,34,1983,6,6,540,0,0,0,0,2,0,0,0,0,0,0
Rk,Player,Nation,Pos,Squad,Age,Born,MP,Starts,Min,Gls,Ast,PK,PKatt,CrdY,CrdR,Gls,Ast,G+A,G-PK,G+A-PK
476,Danilo Pereira,pt POR,MF,pt Porto,25,1991,6,6,532,1,2,0,0,2,0,0.17,0.34,0.51,0.17,0.51
477,Maxi Pereira,uy URU,DF,pt Porto,33,1984,3,2,198,1,0,0,0,1,0,0.45,0,0.45,0.45,0.45
478,Ricardo Pereira,pt POR,"DF,MF",pt Porto,23,1993,7,6,552,0,2,0,0,1,0,0,0.33,0.33,0,0.33
479,Bruno Peres,br BRA,DF,it Roma,27,1990,6,5,462,0,0,0,0,0,2,0,0,0,0,0
480,Nauzet Pérez,es ESP,GK,cy APOEL FC,32,1985,3,3,270,0,0,0,0,1,0,0,0,0,0,0
481,Diego Perotti,ar ARG,"FW,MF",it Roma,29,1988,9,8,729,3,1,1,1,2,0,0.37,0.12,0.49,0.25,0.37
482,Marko Petkovi_,rs SRB,DF,ru Spartak Moscow,24,1992,2,1,83,0,0,0,0,0,0,0,0,0,0,0
483,Raoul Petretta,it ITA,MF,ch Basel,20,1997,5,5,414,0,1,0,0,2,0,0,0.22,0.22,0,0.22
484,Radosav Petrovi_,rs SRB,MF,pt Sporting CP,28,1989,1,0,1,0,0,0,0,0,0,0,0,0,0,0
485,Ivan Petryak,ua UKR,MF,ua Shakhtar,23,1994,1,0,1,0,0,0,0,0,0,0,0,0,0,0
486,Maximilian Philipp,de GER,"MF,FW",de Dortmund,23,1994,3,2,172,0,0,0,0,0,0,0,0,0,0,0
487,Cristiano Piccini,it ITA,DF,pt Sporting CP,24,1992,5,5,445,0,0,0,0,1,0,0,0,0,0,0
488,Aleks Pihler,si SVN,MF,si NK Maribor,23,1994,6,4,392,0,0,0,0,1,0,0,0,0,0,0
489,Gerard Piqué,es ESP,DF,es Barcelona,30,1987,9,9,736,1,0,0,0,2,2,0.12,0,0.12,0.12,0.12
490,_ukasz Piszczek,pl POL,DF,de Dortmund,32,1985,2,2,180,0,0,0,0,0,0,0,0,0,0,0
491,Guido Pizarro,ar ARG,MF,es Sevilla,27,1990,9,6,502,1,0,0,0,2,0,0.18,0,0.18,0.18,0.18
492,Pizzi,pt POR,MF,pt Benfica,27,1989,6,6,480,0,0,0,0,0,0,0,0,0,0,0
493,Miralem Pjani_,ba BIH,MF,it Juventus,27,1990,8,7,634,1,1,0,0,4,0,0.14,0.14,0.28,0.14,0.28
494,Paul Pogba,fr FRA,MF,eng Manchester Utd,24,1993,5,3,278,0,1,0,0,0,0,0,0.32,0.32,0,0.32
495,Ivelin Popov,bg BUL,MF,ru Spartak Moscow,29,1987,5,3,242,0,0,0,0,1,0,0,0,0,0,0
496,Mickaël Poté,bj BEN,FW,cy APOEL FC,32,1984,5,3,312,2,0,0,0,1,0,0.58,0,0.58,0.58,0.58
497,Yussuf Poulsen,dk DEN,FW,de RB Leipzig,23,1994,4,2,199,0,1,0,0,1,0,0,0.45,0.45,0,0.45
498,Quincy Promes,nl NED,"MF,FW",ru Spartak Moscow,25,1992,5,5,430,2,2,0,0,0,0,0.42,0.42,0.84,0.42,0.84
499,Silvio Proto,be BEL,GK,gr Olympiacos,34,1983,5,5,450,0,0,0,0,0,0,0,0,0,0,0
500,Christian Pulisic,us USA,"FW,MF",de Dortmund,18,1998,5,4,374,0,0,0,0,0,0,0,0,0,0,0
Rk,Player,Nation,Pos,Squad,Age,Born,MP,Starts,Min,Gls,Ast,PK,PKatt,CrdY,CrdR,Gls,Ast,G+A,G-PK,G+A-PK
501,Andriy Pyatov,ua UKR,GK,ua Shakhtar,33,1984,8,8,720,0,0,0,0,0,0,0,0,0,0,0
502,Ricardo Quaresma,pt POR,MF,tr Be_ikta_,33,1983,7,7,613,0,3,0,0,2,0,0,0.44,0.44,0,0.44
503,Dani Quintana,es ESP,MF,az Qaraba_ FK,30,1987,4,0,39,0,0,0,0,0,0,0,0,0,0,0
504,Adrien Rabiot,fr FRA,MF,fr Paris S-G,22,1995,8,8,677,1,2,0,0,1,0,0.13,0.27,0.4,0.13,0.4
505,Rafinha,br BRA,DF,de Bayern Munich,31,1985,8,5,506,0,0,0,0,1,0,0,0,0,0,0
506,Andrea Raggi,it ITA,DF,fr Monaco,33,1984,2,2,180,0,0,0,0,0,0,0,0,0,0,0
507,Aleksander Raj_evi_,si SVN,DF,si NK Maribor,30,1986,4,4,360,0,0,0,0,1,0,0,0,0,0,0
508,Ivan Rakiti_,hr CRO,MF,es Barcelona,29,1988,10,8,758,1,0,0,0,1,0,0.12,0,0.12,0.12,0.12
509,Yaroslav Rakitskiy,ua UKR,DF,ua Shakhtar,27,1989,7,7,615,0,1,0,0,1,2,0,0.15,0.15,0,0.15
510,Anthony Ralston,sco SCO,DF,sco Celtic,18,1998,1,1,90,0,0,0,0,1,0,0,0,0,0,0
511,Aghabala Ramazanov,az AZE,FW,az Qaraba_ FK,24,1993,1,0,5,0,0,0,0,0,0,0,0,0,0,0
512,Sandro Ramírez,es ESP,FW,es Sevilla,22,1995,3,0,37,0,0,0,0,0,0,0,0,0,0,0
513,Sergio Ramos,es ESP,DF,es Real Madrid,31,1986,11,11,990,1,0,0,0,3,0,0.09,0,0.09,0.09,0.09
514,Marcus Rashford,eng ENG,"MF,FW",eng Manchester Utd,19,1997,8,3,344,3,1,0,0,1,0,0.78,0.26,1.05,0.78,1.05
515,Artyom Rebrov,ru RUS,GK,ru Spartak Moscow,33,1984,2,2,158,0,0,0,0,0,0,0,0,0,0,0
516,Pepe Reina,es ESP,GK,it Napoli,34,1982,6,6,540,0,0,0,0,1,0,0,0,0,0,0
517,Diego Reyes,mx MEX,DF,pt Porto,24,1992,6,2,233,0,0,0,0,0,0,0,0,0,0,0
518,Franck Ribéry,fr FRA,"MF,FW",de Bayern Munich,34,1983,8,7,574,0,1,0,0,3,0,0,0.16,0.16,0,0.16
519,Sergio Rico,es ESP,GK,es Sevilla,23,1993,8,8,720,0,0,0,0,0,0,0,0,0,0,0
520,Stefan Ristovski,mk MKD,DF,pt Sporting CP,25,1992,4,2,144,0,0,0,0,0,0,0,0,0,0,0
521,Blas Riveros,py PAR,MF,ch Basel,19,1998,5,3,287,1,0,0,0,0,0,0.31,0,0.31,0.31,0.31
522,Arjen Robben,nl NED,"MF,FW",de Bayern Munich,33,1984,9,6,494,0,1,0,0,0,0,0,0.18,0.18,0,0.18
523,Sergi Roberto,es ESP,"MF,DF",es Barcelona,25,1992,8,7,594,0,0,0,0,2,0,0,0,0,0,0
524,Patrick Roberts,eng ENG,MF,sco Celtic,20,1997,3,3,234,1,0,0,0,1,0,0.38,0,0.38,0.38,0.38
525,Andrew Robertson,sco SCO,DF,eng Liverpool,23,1994,6,6,540,0,0,0,0,1,0,0,0,0,0,0
Rk,Player,Nation,Pos,Squad,Age,Born,MP,Starts,Min,Gls,Ast,PK,PKatt,CrdY,CrdR,Gls,Ast,G+A,G-PK,G+A-PK
526,Pedro Rocha Neves,br BRA,"FW,MF",ru Spartak Moscow,22,1994,1,0,1,0,0,0,0,0,0,0,0,0,0,0
527,James Rodríguez,co COL,"MF,FW",de Bayern Munich,26,1991,12,8,779,1,2,0,0,1,0,0.12,0.23,0.35,0.12,0.35
528,Marko Rog,hr CRO,MF,it Napoli,22,1995,4,0,75,0,0,0,0,0,0,0,0,0,0,0
529,Tom Rogi_,au AUS,"MF,FW",sco Celtic,24,1992,6,2,294,0,0,0,0,0,0,0,0,0,0,0
530,Marcos Rojo,ar ARG,DF,eng Manchester Utd,27,1990,1,1,90,0,0,0,0,0,0,0,0,0,0,0
531,Alaixys Romao,tg TOG,"MF,DF",gr Olympiacos,33,1984,6,6,540,0,0,0,0,2,0,0,0,0,0,0
532,Sergio Romero,ar ARG,GK,eng Manchester Utd,30,1987,2,2,180,0,0,0,0,0,0,0,0,0,0,0
533,Cristiano Ronaldo,pt POR,FW,es Real Madrid,32,1985,13,13,"1,170",15,2,4,4,2,0,1.15,0.15,1.31,0.85,1
534,Danny Rose,eng ENG,"MF,DF",eng Tottenham,27,1990,3,2,170,0,0,0,0,1,0,0,0,0,0,0
535,Antonio Rüdiger,de GER,DF,eng Chelsea,24,1993,6,4,388,0,0,0,0,1,0,0,0,0,0,0
536,Sebastian Rudy,de GER,MF,de Bayern Munich,27,1990,5,3,345,0,0,0,0,2,0,0,0,0,0,0
537,Jesús Rueda,es ESP,DF,cy APOEL FC,30,1987,6,6,540,0,0,0,0,1,0,0,0,0,0,0
538,Daniele Rugani,it ITA,DF,it Juventus,23,1994,2,1,110,0,0,0,0,0,0,0,0,0,0,0
539,Mário Rui,pt POR,"DF,MF",it Napoli,26,1991,2,0,30,0,0,0,0,0,0,0,0,0,0,0
540,Alan Ruiz,ar ARG,FW,pt Sporting CP,23,1993,1,1,46,0,0,0,0,1,0,0,0,0,0,0
541,Jakub Rze_niczak,pl POL,DF,az Qaraba_ FK,30,1986,5,4,379,0,0,0,0,3,0,0,0,0,0,0
542,José Sá,pt POR,GK,pt Porto,24,1993,5,5,450,0,0,0,0,0,0,0,0,0,0,0
543,Josué Sá,pt POR,DF,be Anderlecht,25,1992,3,0,93,0,0,0,0,0,0,0,0,0,0,0
544,Marcel Sabitzer,at AUT,MF,de RB Leipzig,23,1994,5,5,395,0,2,0,0,1,0,0,0.46,0.46,0,0.46
545,Rashad Sadygov,az AZE,DF,az Qaraba_ FK,35,1982,5,5,359,0,0,0,0,1,1,0,0,0,0,0
546,Nuri _ahin,tr TUR,MF,de Dortmund,28,1988,3,3,215,0,0,0,0,0,0,0,0,0,0,0
547,Mohamed Salah,eg EGY,FW,eng Liverpool,25,1992,13,12,930,10,4,0,0,0,0,0.97,0.39,1.35,0.97,1.35
548,Roland Sallai,hu HUN,"MF,FW",cy APOEL FC,20,1997,6,3,288,0,0,0,0,3,0,0,0,0,0,0
549,Eduardo Salvio,ar ARG,"MF,FW",pt Benfica,27,1990,5,4,397,0,0,0,0,2,0,0,0,0,0,0
550,Andreas Samaris,gr GRE,MF,pt Benfica,28,1989,3,2,179,0,0,0,0,2,0,0,0,0,0,0
Rk,Player,Nation,Pos,Squad,Age,Born,MP,Starts,Min,Gls,Ast,PK,PKatt,CrdY,CrdR,Gls,Ast,G+A,G-PK,G+A-PK
551,Aleksandr Samedov,ru RUS,MF,ru Spartak Moscow,33,1984,4,2,191,1,0,0,0,0,0,0.47,0,0.47,0.47,0.47
552,Aaron Samuel Olanare,ng NGA,FW,ru CSKA Moscow,23,1994,1,1,67,0,0,0,0,0,0,0,0,0,0,0
553,Alexis Sánchez,cl CHI,"MF,FW",eng Manchester Utd,28,1988,2,2,165,0,0,0,0,1,0,0,0,0,0,0
554,Davinson Sánchez,co COL,DF,eng Tottenham,21,1996,8,8,720,0,0,0,0,0,0,0,0,0,0,0
555,Alex Sandro,br BRA,"DF,MF",it Juventus,26,1991,10,10,900,0,1,0,0,3,0,0,0.1,0.1,0,0.1
556,Leroy Sané,de GER,"FW,MF",eng Manchester City,21,1996,9,7,653,0,2,0,0,0,0,0,0.28,0.28,0,0.28
557,Pablo Sarabia,es ESP,"MF,FW",es Sevilla,25,1992,10,8,740,1,2,0,0,1,0,0.12,0.24,0.36,0.12,0.36
558,Stefan Savi_,me MNE,DF,es Atlético Madrid,26,1991,3,3,268,0,0,0,0,0,2,0,0,0,0,0
559,Patrik Schick,cz CZE,FW,it Roma,21,1996,3,2,207,0,0,0,0,0,0,0,0,0,0,0
560,Marcel Schmelzer,de GER,DF,de Dortmund,29,1988,4,3,271,0,1,0,0,1,0,0,0.33,0.33,0,0.33
561,André Schürrle,de GER,"FW,MF",de Dortmund,26,1990,1,0,3,0,0,0,0,0,0,0,0,0,0,0
562,Sebá,br BRA,"MF,FW",gr Olympiacos,25,1992,3,2,180,0,0,0,0,0,0,0,0,0,0,0
563,Haris Seferovi_,ch SUI,FW,pt Benfica,25,1992,4,2,219,1,0,0,0,1,0,0.41,0,0.41,0.41,0.41
564,Ibrahim _ehi_,ba BIH,GK,az Qaraba_ FK,28,1988,6,6,540,0,0,0,0,0,0,0,0,0,0,0
565,Aleksandr Selikhov,ru RUS,GK,ru Spartak Moscow,23,1994,5,4,382,0,0,0,0,0,0,0,0,0,0,0
566,Matz Sels,be BEL,GK,be Anderlecht,25,1992,3,3,270,0,0,0,0,0,0,0,0,0,0,0
567,Nélson Semedo,pt POR,DF,es Barcelona,23,1993,7,7,625,0,0,0,0,3,0,0,0,0,0,0
568,Stephan El Shaarawy,it ITA,FW,it Roma,24,1992,10,4,359,2,1,0,0,0,0,0.5,0.25,0.75,0.5,0.75
569,Luke Shaw,eng ENG,MF,eng Manchester Utd,22,1995,1,1,90,0,0,0,0,0,0,0,0,0,0,0
570,Georgi Shchennikov,ru RUS,"MF,DF",ru CSKA Moscow,26,1991,5,5,410,1,0,0,0,0,0,0.22,0,0.22,0.22,0.22
571,Ramil Sheydayev,az AZE,FW,az Qaraba_ FK,21,1996,2,1,77,0,0,0,0,0,0,0,0,0,0,0
572,Djibril Sidibé,fr FRA,"DF,MF",fr Monaco,25,1992,3,3,253,0,0,0,0,2,0,0,0,0,0,0
573,Bernardo Silva,pt POR,"FW,MF",eng Manchester City,22,1994,9,6,563,1,2,0,0,1,0,0.16,0.32,0.48,0.16,0.48
574,David Silva,es ESP,MF,eng Manchester City,31,1986,7,5,426,0,2,0,0,0,0,0,0.42,0.42,0,0.42
575,Jonathan Silva,ar ARG,DF,pt Sporting CP,23,1994,4,2,209,0,0,0,0,0,0,0,0,0,0,0
Rk,Player,Nation,Pos,Squad,Age,Born,MP,Starts,Min,Gls,Ast,PK,PKatt,CrdY,CrdR,Gls,Ast,G+A,G-PK,G+A-PK
576,Rafa Silva,pt POR,"FW,MF",pt Benfica,24,1993,1,0,1,0,0,0,0,0,0,0,0,0,0,0
577,Thiago Silva,br BRA,DF,fr Paris S-G,32,1984,6,6,522,0,0,0,0,0,0,0,0,0,0,0
578,Jozo _imunovi_,hr CRO,DF,sco Celtic,22,1994,4,4,360,0,0,0,0,2,0,0,0,0,0,0
579,Scott Sinclair,eng ENG,"MF,FW",sco Celtic,28,1989,5,5,380,1,0,0,0,0,0,0.24,0,0.24,0.24,0.24
580,Moussa Sissoko,fr FRA,MF,eng Tottenham,27,1989,6,3,341,0,1,0,0,0,0,0,0.26,0.26,0,0.26
581,Chris Smalling,eng ENG,DF,eng Manchester Utd,27,1989,8,8,720,0,0,0,0,0,0,0,0,0,0,0
582,Tiquinho Soares,br BRA,FW,pt Porto,26,1991,3,2,180,1,0,0,0,0,0,0.5,0,0.5,0.5,0.5
583,Dominic Solanke,eng ENG,FW,eng Liverpool,19,1997,3,0,36,0,0,0,0,1,0,0,0,0,0,0
584,David Soria,es ESP,GK,es Sevilla,24,1993,2,2,180,0,0,0,0,0,0,0,0,0,0,0
585,Uro_ Spaji_,rs SRB,DF,be Anderlecht,24,1993,5,5,359,0,0,0,0,1,0,0,0,0,0,0
586,Darijo Srna,hr CRO,DF,ua Shakhtar,35,1982,1,1,90,0,0,0,0,0,0,0,0,0,0,0
587,Jerry St. Juste,nl NED,DF,nl Feyenoord,20,1996,5,4,374,1,0,0,0,2,0,0.24,0,0.24,0.24,0.24
588,Nicolae Stanciu,ro ROU,MF,be Anderlecht,24,1993,3,1,103,0,0,0,0,1,0,0,0,0,0,0
589,Renato Steffen,ch SUI,FW,ch Basel,25,1991,6,6,537,0,1,0,0,0,0,0,0.17,0.17,0,0.17
590,Taras Stepanenko,ua UKR,MF,ua Shakhtar,27,1989,8,8,684,0,1,0,0,2,0,0,0.13,0.13,0,0.13
591,Kazaiah Sterling,eng ENG,FW,eng Tottenham,18,1998,1,0,2,0,0,0,0,0,0,0,0,0,0,0
592,Raheem Sterling,eng ENG,"FW,MF",eng Manchester City,22,1994,8,5,495,4,2,0,0,1,0,0.73,0.36,1.09,0.73,1.09
593,Valentin Stocker,ch SUI,MF,ch Basel,28,1989,2,1,93,0,0,0,0,0,0,0,0,0,0,0
594,John Stones,eng ENG,DF,eng Manchester City,23,1994,5,5,450,3,0,0,0,0,0,0.6,0,0.6,0.6,0.6
595,Kevin Strootman,nl NED,MF,it Roma,27,1990,11,9,839,0,1,0,0,1,0,0,0.11,0.11,0,0.11
596,Stefano Sturaro,it ITA,DF,it Juventus,24,1993,5,2,235,0,0,0,0,1,0,0,0,0,0,0
597,Daniel Sturridge,eng ENG,"FW,MF",eng Liverpool,27,1989,5,0,83,1,2,0,0,0,0,1.08,2.17,3.25,1.08,3.25
598,Denis Suárez,es ESP,MF,es Barcelona,23,1994,3,2,170,0,1,0,0,0,0,0,0.53,0.53,0,0.53
599,Luis Suárez,uy URU,FW,es Barcelona,30,1987,10,10,884,1,5,0,0,2,0,0.1,0.51,0.61,0.1,0.61
600,Danijel Suba_i_,hr CRO,GK,fr Monaco,32,1984,3,3,270,0,0,0,0,0,0,0,0,0,0,0
Rk,Player,Nation,Pos,Squad,Age,Born,MP,Starts,Min,Gls,Ast,PK,PKatt,CrdY,CrdR,Gls,Ast,G+A,G-PK,G+A-PK
601,Neven Suboti_,rs SRB,DF,de Dortmund,28,1988,1,1,90,0,0,0,0,0,0,0,0,0,0,0
602,Marek Such_,cz CZE,DF,ch Basel,29,1988,8,8,720,0,0,0,0,0,0,0,0,0,0,0
603,Niklas Süle,de GER,DF,de Bayern Munich,21,1995,9,6,643,0,0,0,0,0,0,0,0,0,0,0
604,Marko _uler,si SVN,DF,si NK Maribor,34,1983,5,5,450,0,0,0,0,0,0,0,0,0,0,0
605,Mile Svilar,be BEL,GK,pt Benfica,17,1999,3,3,270,0,0,0,0,0,0,0,0,0,0,0
606,Wojciech Szcz_sny,pl POL,GK,it Juventus,27,1990,2,1,90,0,0,0,0,0,0,0,0,0,0,0
607,Panagiotis Tachtsidis,gr GRE,MF,gr Olympiacos,26,1991,3,3,245,0,0,0,0,1,0,0,0,0,0,0
608,Taison,br BRA,MF,ua Shakhtar,29,1988,8,8,720,1,0,0,0,2,0,0.12,0,0.12,0.12,0.12
609,Talisca,br BRA,MF,tr Be_ikta_,23,1994,8,6,539,4,0,0,0,2,0,0.67,0,0.67,0.67,0.67
610,Renato Tapia,pe PER,DF,nl Feyenoord,22,1995,4,4,330,0,0,0,0,0,0,0,0,0,0,0
611,Serdar Tasci,de GER,DF,ru Spartak Moscow,30,1987,5,5,450,0,0,0,0,1,0,0,0,0,0,0
612,Marcos Tavares,br BRA,"FW,MF",si NK Maribor,33,1984,6,5,479,1,1,0,0,0,0,0.19,0.19,0.38,0.19,0.38
613,Alex Telles,br BRA,DF,pt Porto,24,1992,7,7,630,1,2,0,0,0,0,0.14,0.29,0.43,0.14,0.43
614,_ukasz Teodorczyk,pl POL,FW,be Anderlecht,26,1991,6,4,388,0,1,0,0,1,0,0,0.23,0.23,0,0.23
615,Marc-André ter Stegen,de GER,GK,es Barcelona,25,1992,9,9,810,0,0,0,0,0,0,0,0,0,0,0
616,Youri Tielemans,be BEL,MF,fr Monaco,20,1997,4,4,311,1,0,0,0,1,0,0.29,0,0.29,0.29,0.29
617,Kieran Tierney,sco SCO,DF,sco Celtic,20,1997,6,6,540,0,1,0,0,0,0,0,0.17,0.17,0,0.17
618,Corentin Tolisso,fr FRA,MF,de Bayern Munich,22,1994,8,6,495,3,2,0,0,2,0,0.55,0.36,0.91,0.55,0.91
619,Jeremy Toljan,de GER,DF,de Dortmund,22,1994,4,3,271,0,0,0,0,3,0,0,0,0,0,0
620,Jens Toornstra,nl NED,MF,nl Feyenoord,28,1989,5,3,322,0,0,0,1,1,0,0,0,0,0,0
621,Ömer Toprak,tr TUR,DF,de Dortmund,28,1989,6,4,338,0,0,0,0,1,0,0,0,0,0,0
622,Fernando Torres,es ESP,FW,es Atlético Madrid,33,1984,5,2,207,0,1,0,0,1,0,0,0.43,0.43,0,0.43
623,Óliver Torres,es ESP,MF,pt Porto,22,1994,3,2,168,0,0,0,0,0,0,0,0,0,0,0
624,Du_ko To_i_,rs SRB,DF,tr Be_ikta_,32,1985,7,6,508,0,0,0,0,2,0,0,0,0,0,0
625,Cenk Tosun,tr TUR,FW,tr Be_ikta_,26,1991,6,5,449,4,1,1,1,0,0,0.8,0.2,1,0.6,0.8
Rk,Player,Nation,Pos,Squad,Age,Born,MP,Starts,Min,Gls,Ast,PK,PKatt,CrdY,CrdR,Gls,Ast,G+A,G-PK,G+A-PK
626,Almamy Touré,ml MLI,DF,fr Monaco,21,1996,3,3,270,0,0,0,0,0,0,0,0,0,0,0
627,Yaya Touré,ci CIV,MF,eng Manchester City,34,1983,3,3,255,0,0,0,0,0,0,0,0,0,0,0
628,Adrien Trebel,fr FRA,MF,be Anderlecht,26,1991,6,6,540,0,0,0,0,1,0,0,0,0,0,0
629,Kieran Trippier,eng ENG,"DF,MF",eng Tottenham,26,1990,3,3,270,0,3,0,0,0,0,0,1,1,0,1
630,Axel Tuanzebe,eng ENG,DF,eng Manchester Utd,19,1997,1,0,18,0,0,0,0,0,0,0,0,0,0,0
631,Sven Ulreich,de GER,GK,de Bayern Munich,28,1988,11,11,990,0,0,0,0,1,0,0,0,0,0,0
632,Samuel Umtiti,fr FRA,DF,es Barcelona,23,1993,9,9,810,0,0,0,0,0,0,0,0,0,0,0
633,Cengiz Ünder,tr TUR,"MF,FW",it Roma,20,1997,5,3,237,1,1,0,0,0,0,0.38,0.38,0.76,0.38,0.76
634,Dayot Upamecano,fr FRA,DF,de RB Leipzig,18,1998,5,5,450,0,0,0,0,0,0,0,0,0,0,0
635,Necip Uysal,tr TUR,DF,tr Be_ikta_,26,1991,4,2,174,0,0,0,0,0,0,0,0,0,0,0
636,Tomá_ Vaclík,cz CZE,GK,ch Basel,28,1989,8,8,720,0,0,0,0,0,0,0,0,0,0,0
637,Antonio Valencia,ec ECU,"DF,MF",eng Manchester Utd,31,1985,4,4,329,0,0,0,0,1,0,0,0,0,0,0
638,Jesús Vallejo,es ESP,DF,es Real Madrid,20,1997,1,1,90,0,0,0,0,0,0,0,0,0,0,0
639,Raphaël Varane,fr FRA,DF,es Real Madrid,24,1993,11,11,938,0,1,0,0,1,0,0,0.1,0.1,0,0.1
640,Bruno Varela,pt POR,GK,pt Benfica,22,1994,2,2,180,0,0,0,0,0,0,0,0,0,0,0
641,Viktor Vasin,ru RUS,DF,ru CSKA Moscow,28,1988,6,6,540,0,0,0,0,0,0,0,0,0,0,0
642,Franco Vázquez,ar ARG,MF,es Sevilla,28,1989,7,5,494,0,1,0,0,0,0,0,0.18,0.18,0,0.18
643,Lucas Vázquez,es ESP,"MF,FW",es Real Madrid,26,1991,10,5,543,1,2,0,0,1,0,0.17,0.33,0.5,0.17,0.5
644,Dylan Vente,nl NED,FW,nl Feyenoord,18,1999,1,0,18,0,0,0,0,0,0,0,0,0,0,0
645,Thomas Vermaelen,be BEL,DF,es Barcelona,31,1985,1,1,90,0,0,0,0,0,0,0,0,0,0,0
646,Kenneth Vermeer,nl NED,GK,nl Feyenoord,31,1986,1,1,90,0,0,0,0,0,0,0,0,0,0,0
647,Marco Verratti,it ITA,MF,fr Paris S-G,24,1992,8,8,640,2,2,0,0,1,2,0.28,0.28,0.56,0.28,0.56
648,Jan Vertonghen,be BEL,DF,eng Tottenham,30,1987,6,6,540,0,1,0,0,1,2,0,0.17,0.17,0,0.17
649,Domagoj Vida,hr CRO,DF,tr Be_ikta_,28,1989,1,1,16,0,0,0,0,0,1,0,0,0,0,0
650,Aleix Vidal,es ESP,FW,es Barcelona,27,1989,4,1,112,0,0,0,0,1,0,0,0,0,0,0
Rk,Player,Nation,Pos,Squad,Age,Born,MP,Starts,Min,Gls,Ast,PK,PKatt,CrdY,CrdR,Gls,Ast,G+A,G-PK,G+A-PK
651,Arturo Vidal,cl CHI,MF,de Bayern Munich,30,1987,8,6,475,0,0,0,0,1,0,0,0,0,0,0
652,Luciano Vietto,ar ARG,FW,es Atlético Madrid,23,1993,2,1,69,0,0,0,0,0,0,0,0,0,0,0
653,Mitja Viler,si SVN,DF,si NK Maribor,30,1986,6,6,540,0,0,0,0,0,0,0,0,0,0,0
654,Tonny Vilhena,nl NED,MF,nl Feyenoord,22,1995,6,6,533,0,2,0,0,2,2,0,0.34,0.34,0,0.34
655,Vinicius,br BRA,MF,cy APOEL FC,31,1986,6,6,465,0,0,0,0,1,0,0,0,0,0,0
656,Vitinho,br BRA,FW,ru CSKA Moscow,23,1993,6,6,469,1,1,1,1,1,0,0.19,0.19,0.38,0,0.19
657,Michel Vorm,nl NED,GK,eng Tottenham,33,1983,1,1,90,0,0,0,0,0,0,0,0,0,0,0
658,Praxitelis Vouros,gr GRE,DF,cy APOEL FC,22,1995,6,6,540,0,0,0,0,1,0,0,0,0,0,0
659,Bla_ Vrhovec,si SVN,MF,si NK Maribor,25,1992,5,5,395,0,0,0,0,2,0,0,0,0,0,0
660,_ime Vrsaljko,hr CRO,DF,es Atlético Madrid,25,1992,1,1,90,0,0,0,0,0,0,0,0,0,0,0
661,Dare Vr_i_,si SVN,MF,si NK Maribor,32,1984,2,0,55,0,0,0,0,0,0,0,0,0,0,0
662,Sandro Wagner,de GER,FW,de Bayern Munich,29,1987,3,0,51,1,0,0,0,1,0,1.76,0,1.76,1.76,1.76
663,Kyle Walker,eng ENG,DF,eng Manchester City,27,1990,7,7,630,0,1,0,0,1,0,0,0.14,0.14,0,0.14
664,Kyle Walker-Peters,eng ENG,DF,eng Tottenham,20,1997,1,0,20,0,0,0,0,0,0,0,0,0,0,0
665,Victor Wanyama,ke KEN,MF,eng Tottenham,26,1991,1,0,1,0,0,0,0,0,0,0,0,0,0,0
666,Boy Waterman,nl NED,GK,cy APOEL FC,33,1984,3,3,225,0,0,0,0,1,0,0,0,0,0,0
667,Julian Weigl,de GER,MF,de Dortmund,21,1995,5,3,325,0,0,0,0,2,0,0,0,0,0,0
668,Pontus Wernbloom,se SWE,"MF,FW",ru CSKA Moscow,31,1986,5,5,450,1,0,0,0,3,0,0.2,0,0.2,0.2,0.2
669,Timo Werner,de GER,FW,de RB Leipzig,21,1996,6,4,329,3,0,1,1,0,0,0.82,0,0.82,0.55,0.55
670,Georginio Wijnaldum,nl NED,MF,eng Liverpool,26,1990,12,9,850,1,2,0,0,0,0,0.11,0.21,0.32,0.11,0.32
671,Willian,br BRA,"MF,FW",eng Chelsea,28,1988,8,4,429,3,1,0,0,1,0,0.63,0.21,0.84,0.63,0.84
672,Harry Winks,eng ENG,MF,eng Tottenham,21,1996,5,5,426,0,0,0,0,1,0,0,0,0,0,0
673,Ricky van Wolfswinkel,nl NED,FW,ch Basel,28,1989,3,2,172,1,0,1,1,0,0,0.52,0,0.52,0,0
674,Taulant Xhaka,al ALB,"MF,DF",ch Basel,26,1991,6,6,523,1,1,0,0,5,0,0.17,0.17,0.34,0.17,0.34
675,Andriy Yarmolenko,ua UKR,"FW,MF",de Dortmund,27,1989,6,4,377,1,1,0,0,0,0,0.24,0.24,0.48,0.24,0.48
Rk,Player,Nation,Pos,Squad,Age,Born,MP,Starts,Min,Gls,Ast,PK,PKatt,CrdY,CrdR,Gls,Ast,G+A,G-PK,G+A-PK
676,Andrey Yeshchenko,ru RUS,"DF,MF",ru Spartak Moscow,33,1984,5,5,440,0,1,0,0,0,0,0,0.2,0.2,0,0.2
677,Ashley Young,eng ENG,"DF,MF",eng Manchester Utd,32,1985,4,4,337,0,1,0,0,1,0,0,0.27,0.27,0,0.27
678,Elvin Yunuszade,az AZE,DF,az Qaraba_ FK,24,1992,3,1,126,0,0,0,0,1,0,0,0,0,0,0
679,Dan-Axel Zagadou,fr FRA,DF,de Dortmund,18,1999,2,1,88,0,0,0,0,0,0,0,0,0,0,0
680,Ghayas Zahid,no NOR,MF,cy APOEL FC,22,1994,6,5,467,0,0,0,0,0,0,0,0,0,0,0
681,Davide Zappacosta,it ITA,MF,eng Chelsea,25,1992,5,4,353,1,0,0,0,1,0,0.25,0,0.25,0.25,0.25
682,Sa_a Zdjelar,rs SRB,MF,gr Olympiacos,22,1995,3,2,211,0,0,0,0,0,0,0,0,0,0,0
683,Tolga Zengin,tr TUR,GK,tr Be_ikta_,33,1983,2,2,180,0,0,0,0,0,0,0,0,0,0,0
684,Timur Zhamaletdinov,ru RUS,FW,ru CSKA Moscow,20,1997,5,1,131,1,0,0,0,0,0,0.69,0,0.69,0.69,0.69
685,Piotr Zieli_ski,pl POL,"MF,FW",it Napoli,23,1994,5,4,353,2,0,0,0,0,0,0.51,0,0.51,0.51,0.51
686,Oleksandr Zinchenko,ua UKR,DF,eng Manchester City,20,1996,1,1,90,0,0,0,0,0,0,0,0,0,0,0
687,Andrija _ivkovi_,rs SRB,"MF,FW",pt Benfica,21,1996,5,3,292,0,1,0,0,1,0,0,0.31,0.31,0,0.31
688,Roman Zobnin,ru RUS,MF,ru Spartak Moscow,23,1994,2,1,107,0,0,0,0,0,0,0,0,0,0,0
689,Oleksandr Zubkov,ua UKR,"FW,MF",ua Shakhtar,20,1996,1,0,1,0,0,0,0,0,0,0,0,0,0,0
690,Luca Zuffi,ch SUI,MF,ch Basel,27,1990,7,7,630,1,0,0,0,0,0,0.14,0,0.14,0.14,0.14
691,Uro_ _ur_evi_,rs SRB,FW,gr Olympiacos,23,1994,5,2,207,0,0,0,0,1,0,0,0,0,0,0
692,Bruno Costa,,,pt Porto,,,1,1,90,0,0,0,0,0,0,0,0,0,0,0