,Player,Pos,Squad,MP,Starts,Min,Gls,Ast,PK,PKatt,CrdY,CrdR,Gls.1,Ast.1,G+A,G-PK,G+A-PK,xG,npxG,xA,xG.1,xA.1,xG+xA,npxG.1,npxG+xA
0,Patrick van Aanholt,DF,Crystal Palace,20,20,1714.0,3,0,1,1,0,0,0.16,0.0,0.16,0.11,0.11,1.8,1.0,1.6,0.09,0.08,0.18,0.05,0.14
1,Max Aarons,DF,Norwich City,25,25,2250.0,0,0,0,0,6,0,0.0,0.0,0.0,0.0,0.0,0.5,0.5,3.4,0.02,0.14,0.16,0.02,0.16
2,Tammy Abraham,FW,Chelsea,25,23,1945.0,13,3,0,0,2,0,0.6,0.14,0.74,0.6,0.74,12.2,12.2,2.3,0.56,0.11,0.67,0.56,0.67
3,Che Adams,FW,Southampton,21,8,712.0,0,2,0,0,0,0,0.0,0.25,0.25,0.0,0.25,1.9,1.9,0.9,0.24,0.11,0.35,0.24,0.35
5,Sergio Agüero,FW,Manchester City,21,16,1342.0,16,3,2,3,1,0,1.07,0.2,1.27,0.94,1.14,13.3,11.0,2.5,0.89,0.17,1.06,0.74,0.91
6,Albian Ajeti,MF,West Ham,8,0,127.0,0,0,0,0,0,0,0.0,0.0,0.0,0.0,0.0,0.1,0.1,0.1,0.08,0.04,0.12,0.08,0.12
7,Nathan Aké,DF,Bournemouth,21,21,1835.0,2,1,0,0,1,0,0.1,0.05,0.15,0.1,0.15,2.2,2.2,0.6,0.11,0.03,0.14,0.11,0.14
8,Marc Albrighton,MF,Leicester City,12,2,375.0,0,1,0,0,1,0,0.0,0.24,0.24,0.0,0.24,0.2,0.2,0.9,0.06,0.2,0.26,0.06,0.26
9,Toby Alderweireld,DF,Tottenham,26,26,2328.0,1,2,0,0,4,0,0.04,0.08,0.12,0.04,0.12,0.7,0.7,0.9,0.03,0.04,0.06,0.03,0.06
10,Trent Alexander-Arnold,DF,Liverpool,27,26,2370.0,2,12,0,0,4,0,0.08,0.46,0.53,0.08,0.53,2.1,2.1,8.5,0.08,0.32,0.4,0.08,0.4
12,Dele Alli,MF,Tottenham,20,18,1584.0,7,3,0,0,2,0,0.4,0.17,0.57,0.4,0.57,5.4,5.4,2.2,0.31,0.12,0.43,0.31,0.43
13,Miguel Almirón,FW,Newcastle Utd,26,26,2200.0,2,1,0,0,5,0,0.08,0.04,0.12,0.08,0.12,4.4,4.4,0.6,0.18,0.03,0.2,0.18,0.2
14,Marcos Alonso,DF,Chelsea,9,7,678.0,2,2,0,0,3,0,0.27,0.27,0.53,0.27,0.53,0.6,0.6,0.9,0.08,0.12,0.2,0.08,0.2
15,Steven Alzate,MF,Brighton,18,12,1175.0,0,0,0,0,1,0,0.0,0.0,0.0,0.0,0.0,1.1,1.1,0.7,0.09,0.05,0.14,0.09,0.14
16,Ibrahim Amadou,DF,Norwich City,11,8,756.0,0,0,0,0,1,0,0.0,0.0,0.0,0.0,0.0,1.0,1.0,0.1,0.12,0.01,0.13,0.12,0.13
17,Felipe Anderson,MF,West Ham,20,19,1412.0,1,4,0,0,1,0,0.06,0.25,0.32,0.06,0.32,2.5,2.5,2.9,0.16,0.18,0.34,0.16,0.34
18,Florin Andone,MF,Brighton,3,1,71.0,1,0,0,0,0,1,1.27,0.0,1.27,1.27,1.27,0.2,0.2,0.0,0.19,0.05,0.24,0.19,0.24
19,Angeliño,DF,Manchester City,6,4,422.0,0,0,0,0,1,0,0.0,0.0,0.0,0.0,0.0,0.2,0.2,1.2,0.05,0.25,0.3,0.05,0.3
20,Michail Antonio,FW,West Ham,13,8,850.0,1,1,0,0,0,0,0.11,0.11,0.21,0.11,0.21,3.1,3.1,1.2,0.33,0.13,0.46,0.33,0.46
21,Stuart Armstrong,MF,Southampton,20,11,1050.0,3,0,0,0,3,0,0.26,0.0,0.26,0.26,0.26,1.9,1.9,0.9,0.16,0.07,0.24,0.16,0.24
23,Christian Atsu,FW,Newcastle Utd,18,6,733.0,0,3,0,0,2,0,0.0,0.37,0.37,0.0,0.37,0.2,0.2,1.0,0.03,0.12,0.14,0.03,0.14
24,Pierre-Emerick Aubameyang,FW,Arsenal,25,25,2214.0,17,1,1,1,3,1,0.69,0.04,0.73,0.65,0.69,11.2,10.5,1.8,0.46,0.07,0.53,0.43,0.5
25,Serge Aurier,DF,Tottenham,22,21,1820.0,0,4,0,0,3,1,0.0,0.2,0.2,0.0,0.2,0.4,0.4,2.3,0.02,0.11,0.13,0.02,0.13
26,Jordan Ayew,FW,Crystal Palace,26,26,2213.0,6,1,0,0,4,0,0.24,0.04,0.28,0.24,0.28,5.3,5.3,1.6,0.22,0.06,0.28,0.22,0.28
27,César Azpilicueta,DF,Chelsea,25,25,2240.0,2,3,0,0,0,0,0.08,0.12,0.2,0.08,0.2,2.1,2.1,4.1,0.08,0.16,0.25,0.08,0.25
28,Eric Bailly,DF,Manchester Utd,1,1,90.0,0,0,0,0,0,0,0.0,0.0,0.0,0.0,0.0,0.0,0.0,0.0,0.0,0.0,0.0,0.0,0.0
29,Leighton Baines,DF,Everton,4,2,243.0,0,0,0,0,0,0,0.0,0.0,0.0,0.0,0.0,0.1,0.1,0.2,0.02,0.06,0.08,0.02,0.08
30,Fabián Balbuena,DF,West Ham,13,12,1080.0,1,0,0,0,2,0,0.08,0.0,0.08,0.08,0.08,1.7,1.7,0.0,0.14,0.0,0.14,0.14,0.14
31,George Baldock,DF,Sheffield Utd,27,27,2430.0,2,3,0,0,6,0,0.07,0.11,0.19,0.07,0.19,0.5,0.5,1.8,0.02,0.07,0.09,0.02,0.09
32,Phil Bardsley,DF,Burnley,12,12,1080.0,0,1,0,0,3,0,0.0,0.08,0.08,0.0,0.08,0.1,0.1,0.3,0.01,0.03,0.04,0.01,0.04
33,Ross Barkley,MF,Chelsea,11,7,559.0,0,1,0,0,0,0,0.0,0.16,0.16,0.0,0.16,1.6,1.6,1.1,0.26,0.18,0.44,0.26,0.44
34,Ashley Barnes,FW,Burnley,19,17,1361.0,6,0,1,1,4,0,0.4,0.0,0.4,0.33,0.33,5.4,4.6,0.5,0.35,0.03,0.39,0.3,0.34
35,Harvey Barnes,MF,Leicester City,25,18,1539.0,4,6,0,0,0,0,0.23,0.35,0.58,0.23,0.58,6.1,6.1,2.2,0.36,0.13,0.48,0.36,0.48
36,Chris Basham,DF,Sheffield Utd,27,27,2350.0,0,0,0,0,4,0,0.0,0.0,0.0,0.0,0.0,0.5,0.5,0.7,0.02,0.03,0.05,0.02,0.05
37,Borja Bastón,MF,Aston Villa,2,0,16.0,0,0,0,0,0,0,0.0,0.0,0.0,0.0,0.0,0.0,0.0,0.0,0.0,0.0,0.0,0.0,0.0
38,Michy Batshuayi,FW,Chelsea,15,1,207.0,1,1,0,0,0,0,0.43,0.43,0.87,0.43,0.87,2.2,2.2,0.2,0.95,0.07,1.02,0.95,1.02
39,Jan Bednarek,DF,Southampton,25,25,2248.0,1,0,0,0,3,0,0.04,0.0,0.04,0.04,0.04,0.8,0.8,0.1,0.03,0.0,0.04,0.03,0.04
40,Héctor Bellerín,DF,Arsenal,7,7,623.0,1,0,0,0,2,0,0.14,0.0,0.14,0.14,0.14,0.2,0.2,0.1,0.03,0.01,0.04,0.03,0.04
41,Ryan Bennett,DF,Wolves,11,7,604.0,0,0,0,0,2,0,0.0,0.0,0.0,0.0,0.0,0.0,0.0,0.1,0.0,0.02,0.02,0.0,0.02
42,Nabil Bentaleb,MF,Newcastle Utd,3,3,270.0,0,0,0,0,2,0,0.0,0.0,0.0,0.0,0.0,0.0,0.0,0.1,0.01,0.05,0.06,0.01,0.06
43,Christian Benteke,FW,Crystal Palace,18,7,742.0,1,0,0,0,2,0,0.12,0.0,0.12,0.12,0.12,2.7,2.7,1.3,0.33,0.16,0.49,0.33,0.49
44,Jóhann Berg Guðmundsson,MF,Burnley,7,4,401.0,1,0,0,0,0,0,0.22,0.0,0.22,0.22,0.22,0.6,0.6,0.5,0.14,0.11,0.24,0.14,0.24
45,Sander Berge,MF,Sheffield Utd,3,3,210.0,0,0,0,0,0,0,0.0,0.0,0.0,0.0,0.0,0.0,0.0,0.0,0.02,0.0,0.02,0.02,0.02
46,Steven Bergwijn,FW,Tottenham,3,3,238.0,1,0,0,0,0,0,0.38,0.0,0.38,0.38,0.38,0.6,0.6,0.5,0.21,0.19,0.4,0.21,0.4
47,Bernard,MF,Everton,17,12,951.0,3,2,0,0,2,0,0.28,0.19,0.47,0.28,0.47,1.0,1.0,1.5,0.09,0.14,0.23,0.09,0.23
48,Bernardo,DF,Brighton,10,6,541.0,0,0,0,0,1,0,0.0,0.0,0.0,0.0,0.0,0.3,0.3,0.2,0.05,0.03,0.08,0.05,0.08
49,Ryan Bertrand,DF,Southampton,22,21,1843.0,1,1,0,0,3,1,0.05,0.05,0.1,0.05,0.1,1.8,1.8,2.7,0.09,0.13,0.22,0.09,0.22
50,Muhamed Bešić,MF,Sheffield Utd,9,2,245.0,0,0,0,0,2,0,0.0,0.0,0.0,0.0,0.0,0.2,0.2,0.1,0.06,0.03,0.08,0.06,0.08
51,Philip Billing,MF,Bournemouth,25,23,1986.0,1,1,0,0,7,0,0.05,0.05,0.09,0.05,0.09,1.5,1.5,0.9,0.07,0.04,0.11,0.07,0.11
52,Yves Bissouma,MF,Brighton,11,6,495.0,0,0,0,0,2,0,0.0,0.0,0.0,0.0,0.0,0.2,0.2,0.1,0.03,0.02,0.05,0.03,0.05
53,Willy Boly,DF,Wolves,11,11,989.0,0,1,0,0,2,1,0.0,0.09,0.09,0.0,0.09,0.0,0.0,0.3,0.0,0.03,0.03,0.0,0.03
54,Gaëtan Bong,MF,Brighton,4,0,56.0,0,0,0,0,0,0,0.0,0.0,0.0,0.0,0.0,0.0,0.0,0.1,0.0,0.21,0.21,0.0,0.21
55,Sofiane Boufal,MF,Southampton,17,6,620.0,0,2,0,0,2,0,0.0,0.29,0.29,0.0,0.29,0.9,0.9,2.4,0.14,0.35,0.48,0.14,0.48
56,Jarrod Bowen,FW,West Ham,2,0,16.0,0,0,0,0,0,0,0.0,0.0,0.0,0.0,0.0,0.2,0.2,0.0,1.0,0.0,1.0,1.0,1.0
57,Robbie Brady,MF,Burnley,14,5,396.0,1,2,0,0,1,0,0.23,0.45,0.68,0.23,0.68,0.9,0.9,0.2,0.21,0.05,0.26,0.21,0.26
59,Josh Brownhill,MF,Burnley,1,0,,0,0,0,0,0,0,,,,,,0.0,0.0,0.0,,,,,
60,Emi Buendía,FW,Norwich City,26,20,1836.0,0,7,0,0,4,0,0.0,0.34,0.34,0.0,0.34,2.0,2.0,6.5,0.1,0.32,0.42,0.1,0.42
61,Dan Burn,DF,Brighton,23,23,1969.0,0,0,0,0,3,0,0.0,0.0,0.0,0.0,0.0,0.7,0.7,1.0,0.03,0.05,0.08,0.03,0.08
62,Sam Byram,DF,Norwich City,17,15,1293.0,0,0,0,0,4,0,0.0,0.0,0.0,0.0,0.0,1.3,1.3,0.5,0.09,0.04,0.12,0.09,0.12
64,Gary Cahill,DF,Crystal Palace,18,18,1620.0,0,1,0,0,1,0,0.0,0.06,0.06,0.0,0.06,0.8,0.8,0.3,0.04,0.02,0.06,0.04,0.06
65,Dominic Calvert-Lewin,FW,Everton,25,20,1746.0,12,1,0,0,6,0,0.62,0.05,0.67,0.62,0.67,11.1,11.1,0.9,0.57,0.04,0.62,0.57,0.62
66,Víctor Camarasa,MF,Crystal Palace,1,0,5.0,0,0,0,0,0,0,0.0,0.0,0.0,0.0,0.0,0.0,0.0,0.0,0.0,0.0,0.0,0.0,0.0
67,João Cancelo,DF,Manchester City,10,7,692.0,0,0,0,0,1,0,0.0,0.0,0.0,0.0,0.0,0.2,0.2,1.0,0.03,0.13,0.16,0.03,0.16
68,Todd Cantwell,FW,Norwich City,27,23,1967.0,6,2,0,0,4,0,0.27,0.09,0.37,0.27,0.37,5.6,5.6,2.5,0.26,0.11,0.37,0.26,0.37
69,Étienne Capoue,MF,Watford,22,22,1960.0,0,2,0,0,6,0,0.0,0.09,0.09,0.0,0.09,0.7,0.7,1.4,0.03,0.06,0.1,0.03,0.1
70,Andy Carroll,FW,Newcastle Utd,13,4,508.0,0,3,0,0,1,0,0.0,0.53,0.53,0.0,0.53,0.5,0.5,1.6,0.08,0.28,0.36,0.08,0.36
71,Jonny Castro,DF,Wolves,26,25,2197.0,1,1,0,0,4,0,0.04,0.04,0.08,0.04,0.08,1.1,1.1,0.8,0.04,0.03,0.08,0.04,0.08
72,Craig Cathcart,DF,Watford,25,25,2175.0,0,0,0,0,6,0,0.0,0.0,0.0,0.0,0.0,0.1,0.1,0.1,0.0,0.0,0.01,0.0,0.01
73,Dani Ceballos,MF,Arsenal,13,9,822.0,0,2,0,0,0,0,0.0,0.22,0.22,0.0,0.22,0.4,0.4,0.9,0.04,0.1,0.14,0.04,0.14
74,Nathaniel Chalobah,MF,Watford,14,9,777.0,0,1,0,0,1,0,0.0,0.12,0.12,0.0,0.12,0.3,0.3,0.7,0.04,0.08,0.12,0.04,0.12
75,Calum Chambers,DF,Arsenal,14,13,1103.0,1,1,0,0,5,0,0.08,0.08,0.16,0.08,0.16,0.6,0.6,0.8,0.05,0.06,0.12,0.05,0.12
76,Ben Chilwell,DF,Leicester City,22,22,1970.0,2,3,0,0,2,0,0.09,0.14,0.23,0.09,0.23,0.7,0.7,2.8,0.03,0.13,0.16,0.03,0.16
77,Tahith Chong,FW,Manchester Utd,3,0,34.0,0,0,0,0,0,0,0.0,0.0,0.0,0.0,0.0,0.1,0.1,0.0,0.17,0.0,0.17,0.17,0.17
78,Hamza Choudhury,MF,Leicester City,15,8,714.0,1,1,0,0,4,1,0.13,0.13,0.25,0.13,0.25,0.3,0.3,0.1,0.04,0.01,0.05,0.04,0.05
79,Andreas Christensen,DF,Chelsea,14,14,1167.0,0,0,0,0,4,0,0.0,0.0,0.0,0.0,0.0,0.4,0.4,0.5,0.03,0.04,0.07,0.03,0.07
80,Ciaran Clark,DF,Newcastle Utd,14,14,1188.0,2,0,0,0,3,0,0.15,0.0,0.15,0.15,0.15,1.2,1.2,0.0,0.09,0.0,0.1,0.09,0.1
81,Leon Clarke,MF,Sheffield Utd,1,0,13.0,0,0,0,0,0,0,0.0,0.0,0.0,0.0,0.0,0.4,0.4,0.0,2.83,0.0,2.83,2.83,2.83
82,Tom Cleverley,MF,Watford,10,8,657.0,1,0,0,0,0,0,0.14,0.0,0.14,0.14,0.14,1.5,1.5,0.4,0.2,0.06,0.26,0.2,0.26
83,Conor Coady,DF,Wolves,27,27,2430.0,0,0,0,0,3,0,0.0,0.0,0.0,0.0,0.0,0.0,0.0,0.5,0.0,0.02,0.02,0.0,0.02
84,Séamus Coleman,DF,Everton,17,13,1164.0,0,1,0,0,5,1,0.0,0.08,0.08,0.0,0.08,0.6,0.6,0.6,0.04,0.04,0.09,0.04,0.09
85,Aaron Connolly,FW,Brighton,17,9,834.0,2,0,0,0,0,0,0.22,0.0,0.22,0.22,0.22,2.4,2.4,0.2,0.26,0.02,0.28,0.26,0.28
86,Lewis Cook,MF,Bournemouth,18,9,833.0,0,0,0,0,3,0,0.0,0.0,0.0,0.0,0.0,0.2,0.2,0.7,0.02,0.08,0.1,0.02,0.1
87,Steve Cook,DF,Bournemouth,20,20,1740.0,1,0,0,0,4,1,0.05,0.0,0.05,0.05,0.05,0.7,0.7,0.3,0.04,0.02,0.05,0.04,0.05
88,Jack Cork,MF,Burnley,25,25,2188.0,0,0,0,0,0,0,0.0,0.0,0.0,0.0,0.0,1.6,1.6,0.7,0.06,0.03,0.09,0.06,0.09
89,Aaron Cresswell,DF,West Ham,21,21,1845.0,3,0,0,0,6,0,0.15,0.0,0.15,0.15,0.15,1.1,1.1,0.9,0.06,0.05,0.1,0.06,0.1
90,Patrick Cutrone,FW,Wolves,12,3,292.0,2,0,0,0,0,0,0.62,0.0,0.62,0.62,0.62,2.3,2.3,0.0,0.72,0.01,0.73,0.72,0.73
91,Diogo Dalot,DF,Manchester Utd,4,1,65.0,0,0,0,0,0,0,0.0,0.0,0.0,0.0,0.0,0.1,0.1,0.0,0.2,0.0,0.2,0.2,0.2
92,Charlie Daniels,DF,Bournemouth,2,2,127.0,0,0,0,0,0,0,0.0,0.0,0.0,0.0,0.0,0.0,0.0,0.1,0.0,0.05,0.05,0.0,0.05
93,Scott Dann,DF,Crystal Palace,7,5,455.0,0,1,0,0,0,0,0.0,0.2,0.2,0.0,0.2,0.2,0.2,0.2,0.03,0.04,0.08,0.03,0.08
94,Kevin Danso,DF,Southampton,6,3,275.0,0,1,0,0,2,1,0.0,0.33,0.33,0.0,0.33,0.1,0.1,0.2,0.03,0.06,0.09,0.03,0.09
95,Ben Davies,DF,Tottenham,8,6,541.0,0,0,0,0,1,0,0.0,0.0,0.0,0.0,0.0,0.0,0.0,0.2,0.01,0.04,0.04,0.01,0.04
96,Tom Davies,MF,Everton,19,13,1220.0,1,0,0,0,6,0,0.07,0.0,0.07,0.07,0.07,1.7,1.7,0.3,0.12,0.02,0.14,0.12,0.14
97,Keinan Davis,FW,Aston Villa,7,0,106.0,0,0,0,0,0,0,0.0,0.0,0.0,0.0,0.0,0.7,0.7,0.0,0.62,0.04,0.66,0.62,0.66
98,Craig Dawson,DF,Watford,20,17,1549.0,0,0,0,0,4,0,0.0,0.0,0.0,0.0,0.0,0.8,0.8,0.0,0.05,0.0,0.05,0.05,0.05
99,Kevin De Bruyne,MF,Manchester City,26,25,2156.0,8,17,0,0,2,0,0.33,0.71,1.04,0.33,1.04,4.9,4.9,13.4,0.2,0.56,0.76,0.2,0.76
100,Troy Deeney,FW,Watford,16,15,1342.0,5,1,2,3,3,0,0.34,0.07,0.4,0.2,0.27,5.8,3.6,2.0,0.39,0.14,0.53,0.24,0.37
101,Fabian Delph,MF,Everton,16,13,1189.0,0,0,0,0,5,1,0.0,0.0,0.0,0.0,0.0,0.1,0.1,0.3,0.0,0.03,0.03,0.0,0.03
102,Leander Dendoncker,DF,Wolves,27,25,2179.0,2,0,0,0,3,0,0.08,0.0,0.08,0.08,0.08,1.2,1.2,0.6,0.05,0.02,0.07,0.05,0.07
103,Gerard Deulofeu,FW,Watford,27,24,2070.0,4,5,1,1,3,0,0.17,0.22,0.39,0.13,0.35,5.2,4.4,4.5,0.23,0.2,0.42,0.19,0.39
104,Eric Dier,MF,Tottenham,12,8,711.0,0,2,0,0,4,0,0.0,0.25,0.25,0.0,0.25,0.9,0.9,0.1,0.12,0.01,0.13,0.12,0.13
105,Lucas Digne,DF,Everton,25,25,2155.0,0,5,0,0,2,0,0.0,0.21,0.21,0.0,0.21,1.1,1.1,4.6,0.05,0.19,0.24,0.05,0.24
106,Virgil van Dijk,DF,Liverpool,27,27,2430.0,4,0,0,0,1,0,0.15,0.0,0.15,0.15,0.15,2.0,2.0,0.5,0.07,0.02,0.09,0.07,0.09
107,Issa Diop,DF,West Ham,21,20,1776.0,3,0,0,0,8,0,0.15,0.0,0.15,0.15,0.15,1.1,1.1,0.3,0.06,0.01,0.07,0.06,0.07
108,Moussa Djenepo,MF,Southampton,17,9,898.0,2,2,0,0,4,0,0.2,0.2,0.4,0.2,0.4,2.3,2.3,1.4,0.23,0.14,0.38,0.23,0.38
109,Matt Doherty,DF,Wolves,25,22,1970.0,3,1,0,0,1,0,0.14,0.05,0.18,0.14,0.18,4.0,4.0,0.8,0.18,0.03,0.22,0.18,0.22
110,Abdoulaye Doucouré,MF,Watford,26,26,2271.0,4,1,0,0,7,0,0.16,0.04,0.2,0.16,0.2,3.9,3.9,1.9,0.15,0.08,0.23,0.15,0.23
111,Danny Drinkwater,MF,Burnley,1,1,59.0,0,0,0,0,0,0,0.0,0.0,0.0,0.0,0.0,0.0,0.0,0.0,0.0,0.0,0.0,0.0,0.0
112,Danny Drinkwater,MF,Aston Villa,4,4,263.0,0,0,0,0,1,0,0.0,0.0,0.0,0.0,0.0,0.1,0.1,0.0,0.04,0.01,0.05,0.04,0.05
113,Josip Drmić,FW,Norwich City,12,0,161.0,1,0,0,0,0,0,0.56,0.0,0.56,0.56,0.56,1.2,1.2,0.1,0.66,0.06,0.72,0.66,0.72
114,Ondrej Duda,MF,Norwich City,5,5,407.0,0,0,0,0,0,0,0.0,0.0,0.0,0.0,0.0,0.4,0.4,0.8,0.09,0.18,0.27,0.09,0.27
115,Shane Duffy,DF,Brighton,15,11,1071.0,1,0,0,0,1,0,0.08,0.0,0.08,0.08,0.08,1.5,1.5,0.0,0.13,0.0,0.13,0.13,0.13
116,Paul Dummett,DF,Newcastle Utd,16,14,1229.0,0,0,0,0,2,0,0.0,0.0,0.0,0.0,0.0,0.0,0.0,0.1,0.0,0.01,0.01,0.0,0.01
117,Lewis Dunk,DF,Brighton,25,25,2250.0,2,3,0,0,8,0,0.08,0.12,0.2,0.08,0.2,2.6,2.6,0.9,0.1,0.04,0.14,0.1,0.14
120,John Egan,DF,Sheffield Utd,26,26,2329.0,0,0,0,0,2,0,0.0,0.0,0.0,0.0,0.0,1.4,1.4,0.1,0.05,0.0,0.06,0.05,0.06
121,Harvey Elliot,FW,Liverpool,1,0,,0,0,0,0,0,0,,,,,,0.0,0.0,0.0,,,,,
122,Ahmed Elmohamady,DF,Aston Villa,11,7,701.0,0,1,0,0,0,0,0.0,0.13,0.13,0.0,0.13,0.2,0.2,1.2,0.03,0.15,0.19,0.03,0.19
123,Björn Engels,DF,Aston Villa,16,14,1357.0,1,0,0,0,1,0,0.07,0.0,0.07,0.07,0.07,0.9,0.9,0.1,0.06,0.01,0.06,0.06,0.06
124,Christian Eriksen,MF,Tottenham,20,10,1092.0,2,2,0,0,5,0,0.16,0.16,0.33,0.16,0.33,2.0,2.0,2.0,0.16,0.17,0.33,0.16,0.33
125,Jonny Evans,DF,Leicester City,27,27,2396.0,1,1,0,0,4,0,0.04,0.04,0.08,0.04,0.08,2.0,2.0,0.2,0.08,0.01,0.08,0.08,0.08
127,Fabinho,MF,Liverpool,18,13,1264.0,1,1,0,0,5,0,0.07,0.07,0.14,0.07,0.14,0.2,0.2,1.2,0.01,0.09,0.1,0.01,0.1
128,Kiko Femenía,DF,Watford,17,15,1346.0,0,0,0,0,4,0,0.0,0.0,0.0,0.0,0.0,0.1,0.1,1.2,0.01,0.08,0.08,0.01,0.08
129,Bruno Fernandes,MF,Manchester Utd,3,3,270.0,1,2,1,1,1,0,0.33,0.67,1.0,0.0,0.67,1.3,0.6,0.6,0.44,0.2,0.64,0.19,0.38
130,Gedson Fernandes,MF,Tottenham,3,0,32.0,0,0,0,0,0,0,0.0,0.0,0.0,0.0,0.0,0.0,0.0,0.0,0.08,0.06,0.15,0.08,0.15
131,Fernandinho,DF,Manchester City,22,21,1907.0,0,0,0,0,7,1,0.0,0.0,0.0,0.0,0.0,0.8,0.8,0.3,0.04,0.01,0.05,0.04,0.05
132,Federico Fernández,DF,Newcastle Utd,21,18,1628.0,2,1,0,0,4,0,0.11,0.06,0.17,0.11,0.17,1.4,1.4,0.3,0.08,0.02,0.1,0.08,0.1
133,Roberto Firmino,FW,Liverpool,27,25,2253.0,8,7,0,0,0,0,0.32,0.28,0.6,0.32,0.6,11.9,11.9,4.9,0.47,0.2,0.67,0.47,0.67
134,John Fleck,MF,Sheffield Utd,24,24,2099.0,5,2,0,0,7,0,0.21,0.09,0.3,0.21,0.3,3.4,3.4,3.2,0.15,0.14,0.29,0.15,0.29
135,Phil Foden,MF,Manchester City,13,2,264.0,0,1,0,0,0,0,0.0,0.34,0.34,0.0,0.34,0.3,0.3,0.5,0.12,0.17,0.29,0.12,0.29
136,Pablo Fornals,MF,West Ham,25,13,1287.0,2,3,0,0,1,0,0.14,0.21,0.35,0.14,0.35,2.0,2.0,1.4,0.14,0.1,0.24,0.14,0.24
138,Dimitri Foulquier,MF,Watford,3,1,58.0,0,0,0,0,0,0,0.0,0.0,0.0,0.0,0.0,0.0,0.0,0.0,0.0,0.03,0.03,0.0,0.03
139,Juan Foyth,DF,Tottenham,4,1,65.0,0,0,0,0,1,0,0.0,0.0,0.0,0.0,0.0,0.0,0.0,0.0,0.0,0.03,0.03,0.0,0.03
140,Simon Francis,DF,Bournemouth,15,10,964.0,0,0,0,0,5,1,0.0,0.0,0.0,0.0,0.0,0.2,0.2,0.4,0.02,0.03,0.05,0.02,0.05
141,Ryan Fraser,MF,Bournemouth,26,19,1883.0,1,3,0,0,2,0,0.05,0.14,0.19,0.05,0.19,2.9,2.9,3.7,0.14,0.18,0.32,0.14,0.32
142,Fred,MF,Manchester Utd,23,20,1847.0,0,0,0,0,5,0,0.0,0.0,0.0,0.0,0.0,1.6,1.6,2.6,0.08,0.13,0.21,0.08,0.21
143,Ryan Fredericks,DF,West Ham,20,19,1688.0,0,2,0,0,5,0,0.0,0.11,0.11,0.0,0.11,0.0,0.0,1.5,0.0,0.08,0.08,0.0,0.08
144,Luke Freeman,MF,Sheffield Utd,9,3,322.0,0,0,0,0,2,0,0.0,0.0,0.0,0.0,0.0,0.0,0.0,0.3,0.01,0.08,0.09,0.01,0.09
145,Christian Fuchs,DF,Leicester City,8,7,634.0,0,0,0,0,0,0,0.0,0.0,0.0,0.0,0.0,0.1,0.1,0.1,0.02,0.01,0.03,0.02,0.03
147,Eric García,DF,Manchester City,6,2,269.0,0,0,0,0,0,0,0.0,0.0,0.0,0.0,0.0,0.0,0.0,0.0,0.0,0.0,0.0,0.0,0.0
148,James Garner,MF,Manchester Utd,1,0,8.0,0,0,0,0,0,0,0.0,0.0,0.0,0.0,0.0,0.0,0.0,0.0,0.0,0.0,0.0,0.0,0.0
149,Dwight Gayle,FW,Newcastle Utd,10,2,198.0,0,1,0,0,0,0,0.0,0.45,0.45,0.0,0.45,0.8,0.8,0.2,0.34,0.08,0.42,0.34,0.42
151,Jean-Philippe Gbamin,MF,Everton,2,1,135.0,0,0,0,0,0,0,0.0,0.0,0.0,0.0,0.0,0.0,0.0,0.0,0.0,0.0,0.0,0.0,0.0
153,Anwar El Ghazi,FW,Aston Villa,24,21,1657.0,4,4,1,1,3,0,0.22,0.22,0.43,0.16,0.38,5.5,4.7,2.5,0.3,0.14,0.44,0.26,0.39
154,Morgan Gibbs-White,MF,Wolves,4,1,123.0,0,0,0,0,0,0,0.0,0.0,0.0,0.0,0.0,0.1,0.1,0.1,0.06,0.07,0.13,0.06,0.13
155,Billy Gilmour,MF,Chelsea,2,0,9.0,0,0,0,0,0,0,0.0,0.0,0.0,0.0,0.0,0.0,0.0,0.1,0.0,0.57,0.57,0.0,0.57
156,Olivier Giroud,FW,Chelsea,7,3,284.0,1,0,0,0,0,0,0.32,0.0,0.32,0.32,0.32,1.0,1.0,0.8,0.32,0.24,0.55,0.32,0.55
157,Ben Godfrey,DF,Norwich City,19,19,1655.0,0,0,0,0,2,1,0.0,0.0,0.0,0.0,0.0,0.4,0.4,0.0,0.02,0.0,0.02,0.02,0.02
158,André Gomes,MF,Everton,9,7,616.0,0,0,0,0,4,0,0.0,0.0,0.0,0.0,0.0,0.2,0.2,0.4,0.03,0.06,0.08,0.03,0.08
159,Angel Gomes,MF,Manchester Utd,2,0,19.0,0,0,0,0,0,0,0.0,0.0,0.0,0.0,0.0,0.0,0.0,0.2,0.0,0.73,0.73,0.0,0.73
160,Joe Gomez,DF,Liverpool,18,13,1186.0,0,0,0,0,3,0,0.0,0.0,0.0,0.0,0.0,0.0,0.0,0.1,0.0,0.01,0.01,0.0,0.01
161,Anthony Gordon,MF,Everton,1,0,45.0,0,0,0,0,0,0,0.0,0.0,0.0,0.0,0.0,0.2,0.2,0.0,0.3,0.0,0.3,0.3,0.3
162,Dan Gosling,MF,Bournemouth,14,10,864.0,2,1,0,0,1,0,0.21,0.1,0.31,0.21,0.31,1.6,1.6,0.3,0.16,0.03,0.19,0.16,0.19
163,Andre Gray,FW,Watford,19,7,710.0,2,0,0,0,1,0,0.25,0.0,0.25,0.25,0.25,2.8,2.8,1.7,0.35,0.21,0.57,0.35,0.57
164,Demarai Gray,MF,Leicester City,14,2,411.0,1,1,0,1,1,0,0.22,0.22,0.44,0.22,0.44,1.9,1.1,0.7,0.41,0.15,0.57,0.25,0.4
165,Jack Grealish,FW,Aston Villa,25,25,2244.0,7,6,0,1,7,0,0.28,0.24,0.52,0.28,0.52,5.5,4.7,5.2,0.22,0.21,0.43,0.19,0.4
166,Mason Greenwood,FW,Manchester Utd,21,3,574.0,5,0,0,0,0,0,0.78,0.0,0.78,0.78,0.78,2.0,2.0,0.3,0.32,0.04,0.36,0.32,0.36
167,Arnaut Groeneveld,MF,Bournemouth,9,4,407.0,0,0,0,0,0,0,0.0,0.0,0.0,0.0,0.0,0.7,0.7,0.1,0.15,0.03,0.18,0.15,0.18
168,Pascal Groß,MF,Brighton,23,18,1492.0,2,4,0,0,2,0,0.12,0.24,0.36,0.12,0.36,1.8,1.8,4.9,0.11,0.3,0.41,0.11,0.41
170,Mattéo Guendouzi,MF,Arsenal,22,17,1591.0,0,1,0,0,6,0,0.0,0.06,0.06,0.0,0.06,0.6,0.6,1.1,0.03,0.06,0.09,0.03,0.09
171,Frederic Guilbert,DF,Aston Villa,22,20,1810.0,0,2,0,0,7,0,0.0,0.1,0.1,0.0,0.1,0.3,0.3,1.4,0.01,0.07,0.08,0.01,0.08
173,İlkay Gündoğan,MF,Manchester City,24,16,1499.0,2,1,1,2,7,0,0.12,0.06,0.18,0.06,0.12,4.3,2.8,2.3,0.26,0.14,0.4,0.17,0.31
174,Sébastien Haller,FW,West Ham,25,22,1968.0,6,1,0,0,1,0,0.27,0.05,0.32,0.27,0.32,5.9,5.9,1.3,0.27,0.06,0.33,0.27,0.33
175,Grant Hanley,DF,Norwich City,13,12,1082.0,0,0,0,0,3,0,0.0,0.0,0.0,0.0,0.0,0.6,0.6,0.0,0.05,0.0,0.05,0.05,0.05
176,Kortney Hause,DF,Aston Villa,11,11,990.0,0,0,0,0,2,0,0.0,0.0,0.0,0.0,0.0,0.7,0.7,0.0,0.06,0.0,0.06,0.06,0.06
177,Isaac Hayden,MF,Newcastle Utd,22,21,1799.0,1,1,0,0,4,1,0.05,0.05,0.1,0.05,0.1,0.8,0.8,1.3,0.04,0.07,0.11,0.04,0.11
180,Jordan Henderson,MF,Liverpool,25,22,1891.0,3,5,0,0,1,0,0.14,0.24,0.38,0.14,0.38,1.1,1.1,2.8,0.05,0.14,0.19,0.05,0.19
181,Jeff Hendrick,MF,Burnley,22,20,1756.0,2,2,0,0,7,0,0.1,0.1,0.21,0.1,0.21,1.6,1.6,0.7,0.08,0.04,0.12,0.08,0.12
183,Javier Hernández,FW,West Ham,2,1,107.0,1,0,0,0,0,0,0.84,0.0,0.84,0.84,0.84,0.7,0.7,0.0,0.62,0.0,0.62,0.62,0.62
184,Onel Hernández,FW,Norwich City,17,7,757.0,1,1,0,0,0,0,0.12,0.12,0.24,0.12,0.24,1.1,1.1,0.6,0.13,0.07,0.2,0.13,0.2
185,Son Heung-min,FW,Tottenham,21,20,1748.0,9,7,0,1,0,2,0.46,0.36,0.82,0.46,0.82,7.2,6.3,4.9,0.37,0.25,0.62,0.33,0.58
186,Rob Holding,DF,Arsenal,2,1,86.0,0,0,0,0,0,0,0.0,0.0,0.0,0.0,0.0,0.0,0.0,0.0,0.0,0.0,0.0,0.0,0.0
187,José Holebas,DF,Watford,12,11,1006.0,0,0,0,0,5,0,0.0,0.0,0.0,0.0,0.0,0.4,0.4,0.7,0.04,0.07,0.1,0.04,0.1
188,Mason Holgate,DF,Everton,20,17,1551.0,0,3,0,0,3,0,0.0,0.17,0.17,0.0,0.17,2.2,2.2,0.5,0.13,0.03,0.16,0.13,0.16
189,Nathan Holland,MF,West Ham,2,0,31.0,0,0,0,0,0,0,0.0,0.0,0.0,0.0,0.0,0.0,0.0,0.0,0.11,0.0,0.11,0.11,0.11
190,Conor Hourihane,MF,Aston Villa,17,10,881.0,3,2,0,0,3,0,0.31,0.2,0.51,0.31,0.51,1.0,1.0,2.5,0.1,0.26,0.35,0.1,0.35
191,Callum Hudson-Odoi,FW,Chelsea,17,7,770.0,1,4,0,0,1,0,0.12,0.47,0.58,0.12,0.58,2.0,2.0,2.3,0.23,0.27,0.5,0.23,0.5
192,Will Hughes,MF,Watford,19,16,1342.0,1,1,0,0,4,0,0.07,0.07,0.13,0.07,0.13,2.2,2.2,0.8,0.15,0.05,0.2,0.15,0.2
193,Pierre Højbjerg,MF,Southampton,26,25,2267.0,0,1,0,0,5,0,0.0,0.04,0.04,0.0,0.04,2.0,2.0,1.5,0.08,0.06,0.14,0.08,0.14
194,Jordon Ibe,DF,Bournemouth,2,0,48.0,0,0,0,0,0,0,0.0,0.0,0.0,0.0,0.0,0.0,0.0,0.0,0.0,0.0,0.0,0.0,0.0
195,Adam Idah,FW,Norwich City,2,1,65.0,0,0,0,0,0,0,0.0,0.0,0.0,0.0,0.0,0.0,0.0,0.0,0.0,0.0,0.0,0.0,0.0
196,Odion Ighalo,FW,Manchester Utd,2,0,10.0,0,0,0,0,0,0,0.0,0.0,0.0,0.0,0.0,0.6,0.6,0.0,4.98,0.0,4.98,4.98,4.98
197,Kelechi Iheanacho,FW,Leicester City,10,5,434.0,3,3,0,0,1,0,0.62,0.62,1.24,0.62,1.24,2.2,2.2,2.1,0.46,0.43,0.88,0.46,0.88
198,Danny Ings,FW,Southampton,27,22,1880.0,15,1,0,0,2,0,0.72,0.05,0.77,0.72,0.77,11.4,11.4,1.6,0.55,0.08,0.63,0.55,0.63
199,Alex Iwobi,MF,Everton,18,13,1170.0,1,0,0,0,0,0,0.08,0.0,0.08,0.08,0.08,2.1,2.1,2.0,0.16,0.15,0.31,0.16,0.31
200,Phil Jagielka,DF,Sheffield Utd,4,1,128.0,0,0,0,0,0,0,0.0,0.0,0.0,0.0,0.0,0.0,0.0,0.0,0.0,0.0,0.0,0.0,0.0
201,Alireza Jahanbakhsh,FW,Brighton,6,3,267.0,2,0,0,0,0,0,0.67,0.0,0.67,0.67,0.67,0.4,0.4,0.1,0.14,0.02,0.16,0.14,0.16
202,Daniel James,FW,Manchester Utd,26,24,2085.0,3,6,0,0,3,0,0.13,0.26,0.39,0.13,0.39,2.9,2.9,4.0,0.13,0.17,0.3,0.13,0.3
203,Matty James,MF,Leicester City,1,0,5.0,0,0,0,0,0,0,0.0,0.0,0.0,0.0,0.0,0.0,0.0,0.0,0.0,0.0,0.0,0.0,0.0
204,Reece James,DF,Chelsea,15,10,945.0,0,2,0,0,1,0,0.0,0.19,0.19,0.0,0.19,0.6,0.6,1.6,0.06,0.15,0.21,0.06,0.21
205,Daryl Janmaat,DF,Watford,8,7,608.0,0,1,0,0,1,0,0.0,0.15,0.15,0.0,0.15,0.3,0.3,0.4,0.04,0.06,0.11,0.04,0.11
206,Gabriel Jesus,FW,Manchester City,23,13,1306.0,10,4,0,1,1,0,0.69,0.28,0.96,0.69,0.96,13.1,12.4,1.4,0.9,0.1,1.0,0.85,0.95
207,Raúl Jiménez,FW,Wolves,27,26,2285.0,12,6,3,3,3,0,0.47,0.24,0.71,0.35,0.59,12.0,9.7,5.0,0.47,0.2,0.67,0.38,0.58
208,Joelinton,FW,Newcastle Utd,27,26,2130.0,1,2,0,0,5,0,0.04,0.08,0.13,0.04,0.13,3.8,3.8,2.2,0.16,0.09,0.26,0.16,0.26
209,Curtis Jones,MF,Liverpool,2,0,19.0,0,0,0,0,0,0,0.0,0.0,0.0,0.0,0.0,0.0,0.0,0.0,0.23,0.0,0.23,0.23,0.23
210,Phil Jones,DF,Manchester Utd,2,2,135.0,0,0,0,0,0,0,0.0,0.0,0.0,0.0,0.0,0.2,0.2,0.0,0.15,0.0,0.15,0.15,0.15
211,Jorginho,MF,Chelsea,25,22,1951.0,4,2,3,3,9,0,0.18,0.09,0.28,0.05,0.14,3.5,1.2,2.2,0.16,0.1,0.26,0.06,0.16
212,Diogo Jota,FW,Wolves,23,19,1620.0,5,0,0,0,3,0,0.28,0.0,0.28,0.28,0.28,7.4,7.4,2.2,0.41,0.12,0.53,0.41,0.53
213,Jota,FW,Aston Villa,8,4,313.0,0,1,0,0,0,0,0.0,0.29,0.29,0.0,0.29,0.1,0.1,0.6,0.04,0.18,0.21,0.04,0.21
214,James Justin,DF,Leicester City,3,1,110.0,0,1,0,0,0,0,0.0,0.82,0.82,0.0,0.82,0.0,0.0,0.3,0.0,0.21,0.21,0.0,0.21
215,Christian Kabasele,DF,Watford,17,16,1394.0,0,1,0,0,3,2,0.0,0.06,0.06,0.0,0.06,0.6,0.6,0.3,0.04,0.02,0.06,0.04,0.06
216,Harry Kane,FW,Tottenham,20,20,1780.0,11,2,2,2,2,0,0.56,0.1,0.66,0.46,0.56,6.9,5.4,1.8,0.35,0.09,0.44,0.27,0.36
217,N'Golo Kanté,MF,Chelsea,18,16,1385.0,3,0,0,0,3,0,0.19,0.0,0.19,0.19,0.19,1.5,1.5,2.0,0.1,0.13,0.23,0.1,0.23
218,Moise Kean,FW,Everton,20,5,635.0,1,2,0,0,0,0,0.14,0.28,0.43,0.14,0.43,2.9,2.9,0.5,0.41,0.07,0.48,0.41,0.48
219,Michael Keane,DF,Everton,20,17,1566.0,1,0,0,0,0,0,0.06,0.0,0.06,0.06,0.06,1.4,1.4,0.2,0.08,0.01,0.09,0.08,0.09
220,Martin Kelly,DF,Crystal Palace,19,17,1550.0,0,1,0,0,0,0,0.0,0.06,0.06,0.0,0.06,0.1,0.1,0.9,0.01,0.05,0.06,0.01,0.06
221,Naby Keïta,MF,Liverpool,9,4,368.0,1,1,0,0,1,0,0.24,0.24,0.49,0.24,0.49,1.5,1.5,1.2,0.36,0.29,0.65,0.36,0.65
222,Max Kilman,DF,Wolves,3,2,184.0,0,0,0,0,0,0,0.0,0.0,0.0,0.0,0.0,0.0,0.0,0.0,0.0,0.0,0.0,0.0,0.0
223,Joshua King,FW,Bournemouth,18,16,1399.0,3,2,1,1,0,0,0.19,0.13,0.32,0.13,0.26,3.9,3.2,2.5,0.25,0.16,0.42,0.2,0.37
224,Jonathan Kodjia,FW,Aston Villa,6,0,111.0,0,0,0,0,1,0,0.0,0.0,0.0,0.0,0.0,0.1,0.1,0.0,0.05,0.0,0.05,0.05,0.05
225,Sead Kolašinac,DF,Arsenal,17,13,1107.0,0,2,0,0,3,0,0.0,0.16,0.16,0.0,0.16,0.7,0.7,1.0,0.06,0.08,0.14,0.06,0.14
226,Ezri Konsa,DF,Aston Villa,15,14,1199.0,0,2,0,0,1,0,0.0,0.15,0.15,0.0,0.15,0.6,0.6,0.1,0.05,0.01,0.05,0.05,0.05
227,Cheikhou Kouyaté,MF,Crystal Palace,25,21,1813.0,1,1,0,0,1,0,0.05,0.05,0.1,0.05,0.1,1.5,1.5,0.9,0.08,0.05,0.12,0.08,0.12
228,Mateo Kovačić,MF,Chelsea,24,17,1593.0,1,3,0,0,7,0,0.06,0.17,0.23,0.06,0.23,1.1,1.1,1.9,0.06,0.11,0.17,0.06,0.17
229,Emil Krafth,DF,Newcastle Utd,11,6,563.0,0,0,0,0,0,0,0.0,0.0,0.0,0.0,0.0,0.2,0.2,0.0,0.04,0.0,0.04,0.04,0.04
231,Alexandre Lacazette,FW,Arsenal,19,15,1287.0,6,3,0,0,5,0,0.42,0.21,0.63,0.42,0.63,5.0,5.0,2.1,0.35,0.15,0.5,0.35,0.5
232,Adam Lallana,MF,Liverpool,13,3,338.0,1,1,0,0,1,0,0.27,0.27,0.53,0.27,0.53,1.0,1.0,0.4,0.27,0.09,0.36,0.27,0.36
233,Érik Lamela,MF,Tottenham,16,9,858.0,2,1,0,0,2,0,0.21,0.1,0.31,0.21,0.31,2.0,2.0,1.5,0.21,0.15,0.37,0.21,0.37
234,Tariq Lamptey,DF,Chelsea,1,0,31.0,0,0,0,0,0,0,0.0,0.0,0.0,0.0,0.0,0.0,0.0,0.1,0.0,0.39,0.39,0.0,0.39
235,Henri Lansbury,MF,Aston Villa,9,2,189.0,0,0,0,0,0,0,0.0,0.0,0.0,0.0,0.0,0.1,0.1,0.1,0.05,0.03,0.08,0.05,0.08
236,Manuel Lanzini,MF,West Ham,19,12,1188.0,0,2,0,0,0,0,0.0,0.15,0.15,0.0,0.15,1.7,1.7,2.3,0.13,0.17,0.3,0.13,0.3
237,Aymeric Laporte,DF,Manchester City,7,7,508.0,0,0,0,0,1,0,0.0,0.0,0.0,0.0,0.0,0.1,0.1,0.1,0.02,0.01,0.03,0.02,0.03
238,Jamaal Lascelles,DF,Newcastle Utd,17,17,1452.0,1,0,0,0,2,0,0.06,0.0,0.06,0.06,0.06,0.3,0.3,0.1,0.02,0.01,0.03,0.02,0.03
239,Valentino Lazaro,DF,Newcastle Utd,3,2,199.0,0,0,0,0,0,1,0.0,0.0,0.0,0.0,0.0,0.0,0.0,0.1,0.0,0.04,0.04,0.0,0.04
240,Moritz Leitner,MF,Norwich City,9,7,685.0,0,0,0,0,1,0,0.0,0.0,0.0,0.0,0.0,0.2,0.2,0.3,0.03,0.04,0.07,0.03,0.07
241,Florian Lejeune,DF,Newcastle Utd,6,4,441.0,2,0,0,0,0,0,0.41,0.0,0.41,0.41,0.41,0.7,0.7,0.1,0.13,0.02,0.15,0.13,0.15
242,Aaron Lennon,MF,Burnley,15,4,484.0,0,0,0,0,4,0,0.0,0.0,0.0,0.0,0.0,0.0,0.0,0.1,0.0,0.02,0.02,0.0,0.02
244,Jefferson Lerma,MF,Bournemouth,22,20,1775.0,0,1,0,0,11,1,0.0,0.05,0.05,0.0,0.05,0.6,0.6,0.8,0.03,0.04,0.07,0.03,0.07
245,Jamal Lewis,DF,Norwich City,17,14,1318.0,0,0,0,0,2,0,0.0,0.0,0.0,0.0,0.0,0.2,0.2,0.4,0.01,0.03,0.04,0.01,0.04
246,Victor Lindelöf,DF,Manchester Utd,24,24,2160.0,1,0,0,0,4,0,0.04,0.0,0.04,0.04,0.04,0.4,0.4,0.4,0.02,0.02,0.03,0.02,0.03
247,Jesse Lingard,MF,Manchester Utd,20,9,891.0,0,0,0,0,3,0,0.0,0.0,0.0,0.0,0.0,1.9,1.9,0.8,0.19,0.09,0.28,0.19,0.28
249,Giovani Lo Celso,MF,Tottenham,17,6,734.0,0,0,0,0,3,0,0.0,0.0,0.0,0.0,0.0,0.7,0.7,0.8,0.09,0.09,0.19,0.09,0.19
250,Jürgen Locadia,MF,Brighton,2,1,86.0,0,0,0,0,0,0,0.0,0.0,0.0,0.0,0.0,0.4,0.4,0.0,0.4,0.0,0.4,0.4,0.4
251,Kevin Long,MF,Burnley,1,0,2.0,0,0,0,0,0,0,0.0,0.0,0.0,0.0,0.0,0.0,0.0,0.0,0.0,0.0,0.0,0.0,0.0
252,Shane Long,FW,Southampton,17,11,974.0,2,2,0,0,0,0,0.18,0.18,0.37,0.18,0.37,4.2,4.2,1.2,0.38,0.11,0.49,0.38,0.49
253,Matthew Longstaff,MF,Newcastle Utd,7,6,545.0,2,0,0,0,1,0,0.33,0.0,0.33,0.33,0.33,0.3,0.3,0.2,0.06,0.03,0.09,0.06,0.09
254,Sean Longstaff,MF,Newcastle Utd,20,13,1287.0,0,1,0,0,2,1,0.0,0.07,0.07,0.0,0.07,0.7,0.7,0.9,0.05,0.06,0.12,0.05,0.12
255,Dejan Lovren,DF,Liverpool,8,8,670.0,0,1,0,0,1,0,0.0,0.13,0.13,0.0,0.13,0.3,0.3,0.4,0.05,0.05,0.1,0.05,0.1
256,Matthew Lowton,DF,Burnley,15,15,1350.0,0,1,0,0,2,0,0.0,0.07,0.07,0.0,0.07,0.0,0.0,1.1,0.0,0.07,0.07,0.0,0.07
257,David Luiz,DF,Arsenal,24,24,2095.0,2,1,0,0,4,1,0.09,0.04,0.13,0.09,0.13,1.5,1.5,1.0,0.07,0.04,0.11,0.07,0.11
258,Douglas Luiz,MF,Aston Villa,25,17,1624.0,3,2,0,0,4,0,0.17,0.11,0.28,0.17,0.28,2.1,2.1,0.8,0.12,0.05,0.16,0.12,0.16
259,John Lundstram,MF,Sheffield Utd,26,22,1979.0,4,2,0,0,4,0,0.18,0.09,0.27,0.18,0.27,4.0,4.0,2.2,0.18,0.1,0.28,0.18,0.28
260,James Maddison,MF,Leicester City,26,25,2224.0,6,3,0,0,4,0,0.24,0.12,0.36,0.24,0.36,4.3,4.3,6.3,0.18,0.25,0.43,0.18,0.43
261,Harry Maguire,DF,Manchester Utd,27,27,2430.0,1,1,0,0,2,0,0.04,0.04,0.07,0.04,0.07,1.8,1.8,0.5,0.07,0.02,0.09,0.07,0.09
262,Riyad Mahrez,FW,Manchester City,22,15,1354.0,7,8,0,0,0,0,0.47,0.53,1.0,0.47,1.0,3.9,3.9,6.7,0.26,0.44,0.7,0.26,0.7
263,Ainsley Maitland-Niles,DF,Arsenal,14,14,1210.0,0,2,0,0,5,1,0.0,0.15,0.15,0.0,0.15,0.2,0.2,1.5,0.02,0.11,0.13,0.02,0.13
264,Javier Manquillo,DF,Newcastle Utd,11,9,800.0,0,1,0,0,2,0,0.0,0.11,0.11,0.0,0.11,0.0,0.0,0.1,0.0,0.01,0.01,0.0,0.01
265,Sadio Mané,FW,Liverpool,24,22,1904.0,13,6,0,0,2,0,0.61,0.28,0.9,0.61,0.9,10.9,10.9,5.1,0.51,0.24,0.75,0.51,0.75
266,Solly March,DF,Brighton,11,7,739.0,0,1,0,0,2,0,0.0,0.12,0.12,0.0,0.12,0.6,0.6,0.5,0.07,0.06,0.13,0.07,0.13
267,Adrian Mariappa,DF,Watford,15,13,1226.0,0,0,0,0,4,1,0.0,0.0,0.0,0.0,0.0,0.3,0.3,0.4,0.02,0.03,0.05,0.02,0.05
268,Anthony Martial,FW,Manchester Utd,21,20,1718.0,10,3,0,1,1,0,0.52,0.16,0.68,0.52,0.68,7.1,6.3,2.3,0.37,0.12,0.49,0.33,0.45
270,Martinelli,FW,Arsenal,14,6,656.0,3,0,0,0,1,0,0.41,0.0,0.41,0.41,0.41,2.4,2.4,0.2,0.33,0.03,0.36,0.33,0.36
271,Adam Masina,DF,Watford,15,11,1042.0,1,0,0,0,3,0,0.09,0.0,0.09,0.09,0.09,0.3,0.3,0.4,0.02,0.03,0.06,0.02,0.06
272,Arthur Masuaku,DF,West Ham,15,10,909.0,0,1,0,0,5,1,0.0,0.1,0.1,0.0,0.1,0.1,0.1,0.9,0.01,0.09,0.1,0.01,0.1
273,Juan Mata,MF,Manchester Utd,16,8,715.0,0,2,0,0,1,0,0.0,0.25,0.25,0.0,0.25,1.2,1.2,1.8,0.15,0.23,0.38,0.15,0.38
274,Joël Matip,DF,Liverpool,8,7,630.0,1,0,0,0,0,0,0.14,0.0,0.14,0.14,0.14,0.2,0.2,0.0,0.03,0.0,0.03,0.03,0.03
275,Nemanja Matić,MF,Manchester Utd,10,9,781.0,0,0,0,0,1,0,0.0,0.0,0.0,0.0,0.0,0.1,0.1,0.8,0.01,0.09,0.1,0.01,0.1
276,Neal Maupay,FW,Brighton,26,21,1934.0,8,2,1,1,3,0,0.37,0.09,0.47,0.33,0.42,9.1,8.3,2.0,0.42,0.09,0.51,0.39,0.48
277,James McArthur,MF,Crystal Palace,26,26,2273.0,0,2,0,0,5,0,0.0,0.08,0.08,0.0,0.08,2.2,2.2,1.8,0.09,0.07,0.16,0.09,0.16
278,Oliver McBurnie,FW,Sheffield Utd,25,14,1345.0,4,0,0,0,3,0,0.27,0.0,0.27,0.27,0.27,6.7,6.7,1.2,0.45,0.08,0.53,0.45,0.53
280,James McCarthy,MF,Crystal Palace,22,10,1037.0,0,0,0,0,6,0,0.0,0.0,0.0,0.0,0.0,0.3,0.3,0.4,0.03,0.03,0.06,0.03,0.06
281,John McGinn,MF,Aston Villa,18,18,1538.0,3,2,0,0,2,0,0.18,0.12,0.29,0.18,0.29,2.7,2.7,1.9,0.16,0.11,0.27,0.16,0.27
282,David McGoldrick,FW,Sheffield Utd,20,16,1342.0,0,2,0,0,2,0,0.0,0.13,0.13,0.0,0.13,5.6,5.6,1.5,0.37,0.1,0.48,0.37,0.48
284,Kenny McLean,MF,Norwich City,26,23,2109.0,1,1,0,0,4,0,0.04,0.04,0.09,0.04,0.09,1.4,1.4,1.6,0.06,0.07,0.12,0.06,0.12
285,Dwight McNeil,MF,Burnley,27,27,2355.0,2,5,0,0,4,0,0.08,0.19,0.27,0.08,0.27,1.4,1.4,5.2,0.05,0.2,0.25,0.05,0.25
286,Scott McTominay,MF,Manchester Utd,18,17,1465.0,3,1,0,0,2,0,0.18,0.06,0.25,0.18,0.25,1.4,1.4,0.7,0.08,0.04,0.12,0.08,0.12
287,Ben Mee,DF,Burnley,27,27,2430.0,0,1,0,0,6,0,0.0,0.04,0.04,0.0,0.04,1.3,1.3,0.6,0.05,0.02,0.07,0.05,0.07
288,Benjamin Mendy,DF,Manchester City,13,13,1103.0,0,2,0,0,2,0,0.0,0.16,0.16,0.0,0.16,0.2,0.2,1.1,0.01,0.09,0.1,0.01,0.1
289,Nampalys Mendy,MF,Leicester City,4,3,195.0,0,0,0,0,0,0,0.0,0.0,0.0,0.0,0.0,0.0,0.0,0.1,0.01,0.04,0.04,0.01,0.04
290,Chris Mepham,DF,Bournemouth,11,10,900.0,1,0,0,0,1,0,0.1,0.0,0.1,0.1,0.1,0.6,0.6,0.1,0.06,0.01,0.07,0.06,0.07
291,Max Meyer,MF,Crystal Palace,13,6,545.0,0,0,0,0,1,0,0.0,0.0,0.0,0.0,0.0,0.6,0.6,0.6,0.1,0.1,0.2,0.1,0.2
292,Luka Milivojević,MF,Crystal Palace,22,22,1966.0,2,1,2,2,9,0,0.09,0.05,0.14,0.0,0.05,2.1,0.6,2.0,0.1,0.09,0.19,0.03,0.12
293,James Milner,MF,Liverpool,17,6,669.0,2,2,2,2,3,0,0.27,0.27,0.54,0.0,0.27,1.9,0.4,0.6,0.25,0.08,0.33,0.05,0.13
294,Yerry Mina,DF,Everton,25,23,2085.0,2,1,0,0,3,0,0.09,0.04,0.13,0.09,0.13,2.6,2.6,0.2,0.11,0.01,0.12,0.11,0.12
295,Takumi Minamino,FW,Liverpool,2,0,66.0,0,0,0,0,0,0,0.0,0.0,0.0,0.0,0.0,0.6,0.6,0.0,0.86,0.0,0.86,0.86,0.86
296,Tyrone Mings,DF,Aston Villa,22,22,1913.0,2,1,0,0,5,0,0.09,0.05,0.14,0.09,0.14,0.9,0.9,0.5,0.04,0.03,0.07,0.04,0.07
297,Henrikh Mkhitaryan,FW,Arsenal,3,1,111.0,0,0,0,0,1,0,0.0,0.0,0.0,0.0,0.0,0.2,0.2,0.2,0.18,0.18,0.37,0.18,0.37
298,Nacho Monreal,DF,Arsenal,3,3,270.0,0,0,0,0,0,0,0.0,0.0,0.0,0.0,0.0,0.1,0.1,0.3,0.03,0.08,0.11,0.03,0.11
299,Martín Montoya,DF,Brighton,21,19,1543.0,0,1,0,0,3,0,0.0,0.06,0.06,0.0,0.06,1.3,1.3,1.3,0.08,0.07,0.15,0.08,0.15
301,Aaron Mooy,MF,Brighton,20,18,1479.0,2,1,0,0,2,1,0.12,0.06,0.18,0.12,0.18,1.8,1.8,2.0,0.11,0.12,0.23,0.11,0.23
302,Wesley Moraes,FW,Aston Villa,21,21,1790.0,5,1,0,1,3,0,0.25,0.05,0.3,0.25,0.3,5.2,4.4,0.9,0.26,0.04,0.31,0.22,0.26
303,Wes Morgan,DF,Leicester City,8,1,159.0,0,0,0,0,0,0,0.0,0.0,0.0,0.0,0.0,0.0,0.0,0.0,0.03,0.0,0.03,0.03,0.03
304,Ravel Morrison,MF,Sheffield Utd,1,0,12.0,0,0,0,0,0,0,0.0,0.0,0.0,0.0,0.0,0.0,0.0,0.0,0.3,0.0,0.3,0.3,0.3
305,Mason Mount,MF,Chelsea,27,23,2152.0,5,4,0,0,3,0,0.21,0.17,0.38,0.21,0.38,5.5,5.5,3.3,0.23,0.14,0.37,0.23,0.37
306,Lucas Moura,FW,Tottenham,25,17,1548.0,4,2,0,0,2,0,0.23,0.12,0.35,0.23,0.35,5.2,5.2,1.6,0.3,0.1,0.4,0.3,0.4
307,Lys Mousset,FW,Sheffield Utd,23,10,1018.0,5,4,0,0,1,0,0.44,0.35,0.8,0.44,0.8,3.3,3.3,2.4,0.29,0.21,0.51,0.29,0.51
308,João Moutinho,MF,Wolves,27,25,2256.0,1,6,0,0,5,0,0.04,0.24,0.28,0.04,0.28,0.7,0.7,4.9,0.03,0.2,0.23,0.03,0.23
309,Glenn Murray,FW,Brighton,18,6,680.0,1,0,0,0,0,0,0.13,0.0,0.13,0.13,0.13,1.9,1.9,0.4,0.25,0.05,0.3,0.25,0.3
310,Shkodran Mustafi,DF,Arsenal,8,6,620.0,0,1,0,0,0,0,0.0,0.15,0.15,0.0,0.15,0.7,0.7,0.0,0.09,0.0,0.09,0.09,0.09
311,Yoshinori Mutō,FW,Newcastle Utd,7,2,201.0,0,0,0,0,0,0,0.0,0.0,0.0,0.0,0.0,0.1,0.1,0.1,0.04,0.03,0.07,0.04,0.07
312,Georges-Kévin N'Koudou,FW,Tottenham,1,0,2.0,0,0,0,0,0,0,0.0,0.0,0.0,0.0,0.0,0.0,0.0,0.0,0.89,0.0,0.89,0.89,0.89
313,Marvelous Nakamba,MF,Aston Villa,20,17,1544.0,0,0,0,0,4,0,0.0,0.0,0.0,0.0,0.0,0.2,0.2,0.5,0.01,0.03,0.04,0.01,0.04
314,Wilfred Ndidi,MF,Leicester City,21,19,1786.0,2,1,0,0,3,0,0.1,0.05,0.15,0.1,0.15,1.3,1.3,0.4,0.07,0.02,0.08,0.07,0.08
315,Tanguy Ndombele,MF,Tottenham,17,11,885.0,2,2,0,0,2,0,0.2,0.2,0.41,0.2,0.41,0.4,0.4,1.3,0.04,0.13,0.17,0.04,0.17
316,Reiss Nelson,FW,Arsenal,10,5,439.0,0,0,0,0,1,0,0.0,0.0,0.0,0.0,0.0,0.6,0.6,0.3,0.12,0.06,0.18,0.12,0.18
317,Pedro Neto,FW,Wolves,20,7,711.0,2,2,0,0,2,0,0.25,0.25,0.51,0.25,0.51,1.4,1.4,2.1,0.17,0.27,0.44,0.17,0.44
318,Rúben Neves,MF,Wolves,27,24,2127.0,2,1,0,0,7,0,0.08,0.04,0.13,0.08,0.13,1.1,1.1,1.2,0.05,0.05,0.1,0.05,0.1
319,Jeremy Ngakia,DF,West Ham,2,2,180.0,0,0,0,0,0,0,0.0,0.0,0.0,0.0,0.0,0.0,0.0,0.0,0.0,0.0,0.0,0.0,0.0
320,Oumar Niasse,FW,Everton,3,0,19.0,0,0,0,0,0,0,0.0,0.0,0.0,0.0,0.0,0.0,0.0,0.0,0.0,0.0,0.0,0.0,0.0
321,Eddie Nketiah,FW,Arsenal,4,2,192.0,1,0,0,0,0,0,0.47,0.0,0.47,0.47,0.47,1.1,1.1,0.1,0.54,0.03,0.56,0.54,0.56
322,Mark Noble,MF,West Ham,24,24,1976.0,4,1,3,3,4,0,0.18,0.05,0.23,0.05,0.09,2.9,0.6,1.0,0.13,0.05,0.18,0.03,0.07
323,Oliver Norwood,MF,Sheffield Utd,27,27,2292.0,1,0,1,1,6,0,0.04,0.0,0.04,0.0,0.0,1.5,0.7,3.4,0.06,0.13,0.19,0.03,0.16
325,Jack O'Connell,DF,Sheffield Utd,27,27,2430.0,0,1,0,0,3,0,0.0,0.04,0.04,0.0,0.04,1.2,1.2,2.1,0.04,0.08,0.12,0.04,0.12
326,Michael Obafemi,FW,Southampton,13,4,410.0,1,0,0,0,1,0,0.22,0.0,0.22,0.22,0.22,0.5,0.5,0.7,0.11,0.15,0.26,0.11,0.26
327,Angelo Ogbonna,DF,West Ham,22,22,1980.0,2,0,0,0,4,0,0.09,0.0,0.09,0.09,0.09,1.3,1.3,0.0,0.06,0.0,0.06,0.06,0.06
328,Divock Origi,FW,Liverpool,20,5,491.0,3,1,0,0,0,0,0.55,0.18,0.73,0.55,0.73,2.0,2.0,0.1,0.36,0.01,0.38,0.36,0.38
329,Ben Osborn,DF,Sheffield Utd,6,0,95.0,0,0,0,0,0,0,0.0,0.0,0.0,0.0,0.0,0.0,0.0,0.3,0.0,0.25,0.25,0.0,0.25
330,Nicolás Otamendi,DF,Manchester City,18,14,1323.0,2,0,0,0,3,0,0.14,0.0,0.14,0.14,0.14,2.3,2.3,0.2,0.15,0.01,0.17,0.15,0.17
331,Alex Oxlade-Chamberlain,MF,Liverpool,19,11,959.0,3,0,0,0,1,0,0.28,0.0,0.28,0.28,0.28,2.3,2.3,0.9,0.21,0.08,0.3,0.21,0.3
332,Emerson Palmieri,DF,Chelsea,14,13,1023.0,0,0,0,0,3,0,0.0,0.0,0.0,0.0,0.0,0.9,0.9,1.4,0.08,0.12,0.2,0.08,0.2
333,Sokratis Papastathopoulos,DF,Arsenal,18,18,1607.0,2,0,0,0,5,0,0.11,0.0,0.11,0.11,0.11,0.9,0.9,0.2,0.05,0.01,0.06,0.05,0.06
334,Troy Parrott,MF,Tottenham,1,0,5.0,0,0,0,0,0,0,0.0,0.0,0.0,0.0,0.0,0.0,0.0,0.0,0.0,0.0,0.0,0.0,0.0
336,Pedro,FW,Chelsea,7,6,476.0,0,0,0,0,1,0,0.0,0.0,0.0,0.0,0.0,1.4,1.4,0.6,0.27,0.12,0.39,0.27,0.39
337,Andreas Pereira,MF,Manchester Utd,23,18,1453.0,1,3,0,0,3,0,0.06,0.19,0.25,0.06,0.25,2.3,2.3,3.6,0.14,0.22,0.37,0.14,0.37
338,Ricardo Pereira,DF,Leicester City,26,26,2340.0,3,2,0,0,1,0,0.12,0.08,0.19,0.12,0.19,1.2,1.2,3.3,0.05,0.13,0.17,0.05,0.17
339,Roberto Pereyra,FW,Watford,21,12,1200.0,3,0,1,1,3,0,0.23,0.0,0.23,0.15,0.15,2.2,1.4,1.5,0.17,0.11,0.28,0.11,0.22
341,Brandon Pierrick,DF,Crystal Palace,1,0,7.0,0,0,0,0,0,0,0.0,0.0,0.0,0.0,0.0,0.0,0.0,0.1,0.0,1.02,1.02,0.0,1.02
342,Erik Pieters,DF,Burnley,15,14,1234.0,0,3,0,0,1,0,0.0,0.22,0.22,0.0,0.22,0.2,0.2,1.0,0.01,0.07,0.09,0.01,0.09
343,Daniel Podence,FW,Wolves,2,0,26.0,0,0,0,0,0,0,0.0,0.0,0.0,0.0,0.0,0.1,0.1,0.1,0.48,0.26,0.74,0.48,0.74
344,Paul Pogba,MF,Manchester Utd,7,5,521.0,0,2,0,1,0,0,0.0,0.35,0.35,0.0,0.35,1.6,0.9,1.5,0.28,0.26,0.55,0.15,0.42
346,Dennis Praet,MF,Leicester City,19,9,821.0,1,2,0,0,0,0,0.11,0.22,0.33,0.11,0.33,0.9,0.9,0.6,0.1,0.07,0.17,0.1,0.17
347,Sebastian Prödl,DF,Watford,1,1,57.0,0,0,0,0,0,0,0.0,0.0,0.0,0.0,0.0,0.1,0.1,0.0,0.12,0.0,0.12,0.12,0.12
348,Davy Pröpper,MF,Brighton,24,24,2160.0,1,2,0,0,4,0,0.04,0.08,0.12,0.04,0.12,1.4,1.4,1.8,0.06,0.07,0.13,0.06,0.13
349,Teemu Pukki,FW,Norwich City,26,26,2315.0,11,3,2,2,3,0,0.43,0.12,0.54,0.35,0.47,11.4,9.9,3.2,0.44,0.12,0.57,0.38,0.51
350,Christian Pulisic,FW,Chelsea,16,12,1076.0,5,2,0,0,0,0,0.42,0.17,0.59,0.42,0.59,5.1,5.1,2.1,0.43,0.17,0.6,0.43,0.6
351,Ignacio Pussetto,MF,Watford,4,0,32.0,0,0,0,0,0,0,0.0,0.0,0.0,0.0,0.0,0.0,0.0,0.0,0.0,0.0,0.0,0.0,0.0
352,Nicolas Pépé,FW,Arsenal,23,16,1525.0,4,6,1,1,3,0,0.24,0.35,0.59,0.18,0.53,4.3,3.5,3.4,0.25,0.2,0.46,0.21,0.41
353,Ayoze Pérez,MF,Leicester City,24,20,1516.0,7,4,1,1,0,0,0.42,0.24,0.65,0.36,0.59,4.8,4.1,2.9,0.29,0.17,0.46,0.24,0.41
354,Domingos Quina,MF,Watford,4,0,18.0,0,0,0,0,0,0,0.0,0.0,0.0,0.0,0.0,0.0,0.0,0.0,0.16,0.0,0.16,0.16,0.16
357,Marcus Rashford,FW,Manchester Utd,22,22,1882.0,14,4,5,7,2,0,0.67,0.19,0.86,0.43,0.62,13.6,8.3,2.7,0.65,0.13,0.78,0.4,0.52
358,Nathan Redmond,MF,Southampton,23,23,1960.0,3,1,0,0,2,0,0.14,0.05,0.18,0.14,0.18,3.9,3.9,2.7,0.18,0.12,0.3,0.18,0.3
360,Declan Rice,MF,West Ham,27,27,2430.0,0,2,0,0,5,0,0.0,0.07,0.07,0.0,0.07,0.6,0.6,1.1,0.02,0.04,0.06,0.02,0.06
361,Richarlison,FW,Everton,25,25,2178.0,10,3,0,0,5,0,0.41,0.12,0.54,0.41,0.54,6.5,6.5,4.2,0.27,0.17,0.44,0.27,0.44
362,Diego Rico,DF,Bournemouth,21,21,1795.0,0,2,0,0,6,0,0.0,0.1,0.1,0.0,0.1,0.3,0.3,2.0,0.02,0.1,0.12,0.02,0.12
363,Jaïro Riedewald,DF,Crystal Palace,9,6,564.0,0,0,0,0,0,0,0.0,0.0,0.0,0.0,0.0,0.0,0.0,0.4,0.01,0.07,0.07,0.01,0.07
364,Matt Ritchie,DF,Newcastle Utd,8,5,562.0,0,0,0,0,2,0,0.0,0.0,0.0,0.0,0.0,0.1,0.1,0.7,0.02,0.11,0.13,0.02,0.13
366,Patrick Roberts,MF,Norwich City,3,0,23.0,0,0,0,0,0,0,0.0,0.0,0.0,0.0,0.0,0.0,0.0,0.0,0.0,0.0,0.0,0.0,0.0
367,Andrew Robertson,DF,Liverpool,27,26,2355.0,1,7,0,0,1,0,0.04,0.27,0.31,0.04,0.31,1.2,1.2,5.6,0.05,0.21,0.26,0.05,0.26
368,Callum Robinson,FW,Sheffield Utd,16,9,676.0,1,1,0,0,1,0,0.13,0.13,0.27,0.13,0.27,2.1,2.1,0.5,0.28,0.07,0.36,0.28,0.36
369,Rodri,MF,Manchester City,25,21,1867.0,3,1,0,0,6,0,0.14,0.05,0.19,0.14,0.19,0.9,0.9,1.3,0.04,0.06,0.1,0.04,0.1
370,Jay Rodriguez,FW,Burnley,26,10,1221.0,5,0,1,1,1,0,0.37,0.0,0.37,0.29,0.29,4.6,3.8,0.4,0.34,0.03,0.37,0.28,0.31
371,Marcos Rojo,DF,Manchester Utd,3,1,120.0,0,0,0,0,1,0,0.0,0.0,0.0,0.0,0.0,0.1,0.1,0.0,0.08,0.0,0.08,0.08,0.08
372,Oriol Romeu,MF,Southampton,21,13,1296.0,0,0,0,0,3,0,0.0,0.0,0.0,0.0,0.0,0.2,0.2,0.3,0.01,0.02,0.04,0.01,0.04
373,Danny Rose,DF,Tottenham,12,10,894.0,0,0,0,0,5,0,0.0,0.0,0.0,0.0,0.0,0.1,0.1,0.8,0.01,0.08,0.1,0.01,0.1
374,Danny Rose,DF,Newcastle Utd,3,2,172.0,0,0,0,0,0,0,0.0,0.0,0.0,0.0,0.0,0.0,0.0,0.0,0.0,0.0,0.0,0.0,0.0
375,Lukas Rupp,FW,Norwich City,5,4,317.0,0,0,0,0,0,0,0.0,0.0,0.0,0.0,0.0,0.3,0.3,0.5,0.1,0.13,0.23,0.1,0.23
377,Antonio Rüdiger,DF,Chelsea,12,12,1035.0,2,0,0,0,3,0,0.17,0.0,0.17,0.17,0.17,0.4,0.4,0.3,0.04,0.02,0.06,0.04,0.06
378,Allan Saint-Maximin,FW,Newcastle Utd,16,14,1172.0,1,1,0,0,0,0,0.08,0.08,0.15,0.08,0.15,2.0,2.0,2.1,0.15,0.16,0.32,0.15,0.32
379,Bukayo Saka,DF,Arsenal,17,11,1084.0,0,3,0,0,4,0,0.0,0.25,0.25,0.0,0.25,0.7,0.7,1.5,0.06,0.13,0.19,0.06,0.19
380,Mamadou Sakho,DF,Crystal Palace,8,6,465.0,0,0,0,0,0,1,0.0,0.0,0.0,0.0,0.0,0.0,0.0,0.1,0.0,0.01,0.01,0.0,0.01
381,Mohamed Salah,FW,Liverpool,24,24,2070.0,15,6,3,3,1,0,0.65,0.26,0.91,0.52,0.78,14.1,11.8,5.5,0.61,0.24,0.85,0.51,0.75
382,Mbwana Samatta,FW,Aston Villa,3,3,263.0,1,0,0,0,0,0,0.34,0.0,0.34,0.34,0.34,0.7,0.7,0.2,0.23,0.06,0.29,0.23,0.29
383,Ismaila Sarr,FW,Watford,17,11,1054.0,3,2,0,0,1,0,0.26,0.17,0.43,0.26,0.43,3.4,3.4,1.2,0.29,0.1,0.39,0.29,0.39
384,Romain Saïss,DF,Wolves,23,21,1805.0,2,1,0,0,9,1,0.1,0.05,0.15,0.1,0.15,2.2,2.2,0.5,0.11,0.02,0.13,0.11,0.13
385,Ezequiel Schelotto,DF,Brighton,7,3,290.0,0,0,0,0,1,0,0.0,0.0,0.0,0.0,0.0,0.3,0.3,0.0,0.09,0.0,0.09,0.09,0.09
386,Jeffrey Schlupp,MF,Crystal Palace,14,9,859.0,2,1,0,0,2,0,0.21,0.1,0.31,0.21,0.31,1.5,1.5,1.1,0.16,0.12,0.28,0.16,0.28
388,Morgan Schneiderlin,MF,Everton,15,12,1003.0,0,0,0,0,6,1,0.0,0.0,0.0,0.0,0.0,0.3,0.3,0.2,0.03,0.01,0.05,0.03,0.05
389,Fabian Schär,DF,Newcastle Utd,18,15,1397.0,2,0,0,0,4,0,0.13,0.0,0.13,0.13,0.13,1.2,1.2,0.1,0.08,0.01,0.08,0.08,0.08
390,Ryan Sessegnon,DF,Tottenham,6,4,341.0,0,0,0,0,0,0,0.0,0.0,0.0,0.0,0.0,0.1,0.1,0.1,0.03,0.01,0.04,0.03,0.04
391,Xherdan Shaqiri,FW,Liverpool,6,2,174.0,1,0,0,0,0,0,0.52,0.0,0.52,0.52,0.52,0.5,0.5,0.2,0.24,0.08,0.32,0.24,0.32
392,Billy Sharp,FW,Sheffield Utd,17,5,594.0,2,0,0,0,1,1,0.3,0.0,0.3,0.3,0.3,1.4,1.4,1.2,0.22,0.19,0.41,0.22,0.41
393,Luke Shaw,DF,Manchester Utd,16,12,1055.0,0,0,0,0,4,0,0.0,0.0,0.0,0.0,0.0,0.3,0.3,0.5,0.03,0.04,0.07,0.03,0.07
394,Jonjo Shelvey,MF,Newcastle Utd,15,14,1162.0,5,0,0,0,1,0,0.39,0.0,0.39,0.39,0.39,1.7,1.7,1.9,0.13,0.14,0.28,0.13,0.28
395,Djibril Sidibé,DF,Everton,19,16,1489.0,0,4,0,0,2,0,0.0,0.24,0.24,0.0,0.24,0.3,0.3,2.0,0.02,0.12,0.14,0.02,0.14
396,Gylfi Sigurðsson,MF,Everton,24,21,1818.0,1,2,0,0,3,0,0.05,0.1,0.15,0.05,0.15,2.5,2.5,3.5,0.12,0.17,0.3,0.12,0.3
397,Bernardo Silva,FW,Manchester City,23,16,1439.0,5,5,0,0,5,0,0.31,0.31,0.63,0.31,0.63,4.6,4.6,3.8,0.29,0.24,0.52,0.29,0.52
398,David Silva,MF,Manchester City,19,16,1261.0,3,7,0,0,0,0,0.21,0.5,0.71,0.21,0.71,4.1,4.1,3.4,0.29,0.24,0.53,0.29,0.53
399,Jack Simpson,DF,Bournemouth,3,1,167.0,0,0,0,0,0,0,0.0,0.0,0.0,0.0,0.0,0.0,0.0,0.0,0.01,0.0,0.01,0.01,0.01
400,Moussa Sissoko,MF,Tottenham,20,19,1690.0,2,1,0,0,6,0,0.11,0.05,0.16,0.11,0.16,2.0,2.0,1.0,0.11,0.05,0.16,0.11,0.16
401,Oliver Skipp,DF,Tottenham,3,0,10.0,0,0,0,0,0,0,0.0,0.0,0.0,0.0,0.0,0.0,0.0,0.0,0.0,0.0,0.0,0.0,0.0
402,William Smallbone,MF,Southampton,1,1,80.0,0,0,0,0,0,0,0.0,0.0,0.0,0.0,0.0,0.0,0.0,0.0,0.03,0.0,0.03,0.03,0.03
403,Adam Smith,DF,Bournemouth,16,16,1380.0,0,1,0,0,5,0,0.0,0.07,0.07,0.0,0.07,0.6,0.6,0.6,0.04,0.04,0.08,0.04,0.08
404,Emile Smith-Rowe,MF,Arsenal,2,1,97.0,0,0,0,0,0,0,0.0,0.0,0.0,0.0,0.0,0.0,0.0,0.0,0.0,0.0,0.0,0.0,0.0
405,Robert Snodgrass,MF,West Ham,22,17,1499.0,5,5,0,0,4,0,0.3,0.3,0.6,0.3,0.6,2.5,2.5,2.8,0.15,0.17,0.32,0.15,0.32
406,Cédric Soares,DF,Southampton,16,16,1309.0,0,1,0,0,1,0,0.0,0.07,0.07,0.0,0.07,0.6,0.6,1.2,0.04,0.09,0.13,0.04,0.13
407,Dominic Solanke,FW,Bournemouth,23,12,1157.0,0,1,0,0,1,0,0.0,0.08,0.08,0.0,0.08,2.1,2.1,1.0,0.16,0.08,0.24,0.16,0.24
408,Tomáš Souček,MF,West Ham,3,3,222.0,0,0,0,0,0,0,0.0,0.0,0.0,0.0,0.0,0.1,0.1,0.0,0.04,0.0,0.04,0.04,0.04
409,Dennis Srbeny,MF,Norwich City,8,0,39.0,1,0,0,0,0,0,2.31,0.0,2.31,2.31,2.31,0.5,0.5,0.0,1.07,0.0,1.07,1.07,1.07
410,Jack Stacey,DF,Bournemouth,10,10,888.0,0,1,0,0,2,0,0.0,0.1,0.1,0.0,0.1,0.3,0.3,1.1,0.03,0.11,0.14,0.03,0.14
411,Junior Stanislas,MF,Bournemouth,4,1,133.0,0,0,0,0,0,0,0.0,0.0,0.0,0.0,0.0,0.2,0.2,0.1,0.1,0.06,0.16,0.1,0.16
413,Dale Stephens,MF,Brighton,23,22,1943.0,0,1,0,0,6,0,0.0,0.05,0.05,0.0,0.05,0.5,0.5,0.7,0.02,0.03,0.06,0.02,0.06
414,Jack Stephens,DF,Southampton,19,18,1648.0,1,3,0,0,1,0,0.05,0.16,0.22,0.05,0.22,0.8,0.8,0.8,0.04,0.05,0.09,0.04,0.09
415,Raheem Sterling,FW,Manchester City,23,22,1934.0,11,1,0,1,5,0,0.51,0.05,0.56,0.51,0.56,10.8,9.8,5.8,0.5,0.27,0.77,0.46,0.73
416,Enda Stevens,DF,Sheffield Utd,27,27,2385.0,2,2,0,0,5,0,0.08,0.08,0.15,0.08,0.15,0.8,0.8,3.5,0.03,0.13,0.16,0.03,0.16
417,Marco Stiepermann,MF,Norwich City,18,11,935.0,0,0,0,0,4,0,0.0,0.0,0.0,0.0,0.0,1.5,1.5,0.5,0.15,0.04,0.19,0.15,0.19
418,John Stones,DF,Manchester City,12,10,905.0,0,0,0,0,0,0,0.0,0.0,0.0,0.0,0.0,0.6,0.6,0.1,0.06,0.01,0.07,0.06,0.07
419,Isaac Success,FW,Watford,5,0,65.0,0,0,0,0,1,0,0.0,0.0,0.0,0.0,0.0,0.1,0.1,0.1,0.1,0.18,0.28,0.1,0.28
420,Ki Sung-yueng,MF,Newcastle Utd,3,1,136.0,0,0,0,0,0,0,0.0,0.0,0.0,0.0,0.0,0.0,0.0,0.1,0.0,0.05,0.05,0.0,0.05
421,Andrew Surman,MF,Bournemouth,5,2,234.0,0,0,0,0,1,0,0.0,0.0,0.0,0.0,0.0,0.0,0.0,0.0,0.01,0.01,0.03,0.01,0.03
422,Sam Surridge,FW,Bournemouth,1,0,15.0,0,0,0,0,0,0,0.0,0.0,0.0,0.0,0.0,0.0,0.0,0.0,0.0,0.0,0.0,0.0,0.0
423,Carlos Sánchez,MF,West Ham,6,1,113.0,0,0,0,0,0,0,0.0,0.0,0.0,0.0,0.0,0.0,0.0,0.0,0.0,0.0,0.0,0.0,0.0
424,Davinson Sánchez,DF,Tottenham,20,19,1710.0,0,0,0,0,4,0,0.0,0.0,0.0,0.0,0.0,0.6,0.6,0.0,0.03,0.0,0.03,0.03,0.03
425,Çağlar Söyüncü,DF,Leicester City,26,26,2340.0,1,1,0,0,4,0,0.04,0.04,0.08,0.04,0.08,1.9,1.9,0.2,0.07,0.01,0.08,0.07,0.08
426,Japhet Tanganga,DF,Tottenham,4,4,360.0,0,0,0,0,1,0,0.0,0.0,0.0,0.0,0.0,0.0,0.0,0.0,0.01,0.0,0.01,0.01,0.01
427,Matt Targett,DF,Aston Villa,19,19,1601.0,1,2,0,0,3,0,0.06,0.11,0.17,0.06,0.17,0.4,0.4,2.5,0.02,0.14,0.17,0.02,0.17
428,James Tarkowski,DF,Burnley,27,27,2430.0,1,1,0,0,6,0,0.04,0.04,0.07,0.04,0.07,1.6,1.6,1.0,0.06,0.04,0.09,0.06,0.09
429,Charlie Taylor,DF,Burnley,15,13,1196.0,0,0,0,0,2,0,0.0,0.0,0.0,0.0,0.0,0.0,0.0,0.9,0.0,0.07,0.07,0.0,0.07
430,Neil Taylor,DF,Aston Villa,10,8,793.0,0,0,0,0,2,0,0.0,0.0,0.0,0.0,0.0,0.2,0.2,0.1,0.02,0.01,0.03,0.02,0.03
431,Alexander Tettey,MF,Norwich City,21,19,1635.0,1,1,0,0,4,0,0.06,0.06,0.11,0.06,0.11,0.6,0.6,0.8,0.03,0.04,0.08,0.03,0.08
432,Youri Tielemans,MF,Leicester City,26,24,2123.0,3,5,0,0,1,0,0.13,0.21,0.34,0.13,0.34,2.3,2.3,4.0,0.1,0.17,0.27,0.1,0.27
433,Kieran Tierney,DF,Arsenal,5,4,299.0,0,0,0,0,1,0,0.0,0.0,0.0,0.0,0.0,0.1,0.1,0.5,0.02,0.16,0.19,0.02,0.19
434,James Tomkins,DF,Crystal Palace,18,18,1584.0,1,1,0,0,5,0,0.06,0.06,0.11,0.06,0.11,1.3,1.3,0.1,0.07,0.01,0.08,0.07,0.08
435,Fikayo Tomori,DF,Chelsea,14,14,1229.0,1,0,0,0,3,0,0.07,0.0,0.07,0.07,0.07,0.6,0.6,0.2,0.04,0.01,0.05,0.04,0.05
436,Lucas Torreira,MF,Arsenal,24,15,1371.0,1,1,0,0,4,0,0.07,0.07,0.13,0.07,0.13,1.6,1.6,1.1,0.1,0.07,0.17,0.1,0.17
437,Cenk Tosun,FW,Crystal Palace,4,2,173.0,1,0,0,0,0,0,0.52,0.0,0.52,0.52,0.52,0.8,0.8,0.0,0.4,0.0,0.4,0.4,0.4
438,Cenk Tosun,FW,Everton,5,2,290.0,1,0,0,0,0,0,0.31,0.0,0.31,0.31,0.31,0.8,0.8,0.1,0.24,0.04,0.28,0.24,0.28
439,Andros Townsend,MF,Crystal Palace,15,9,795.0,1,1,0,0,0,0,0.11,0.11,0.23,0.11,0.23,0.2,0.2,1.2,0.02,0.14,0.16,0.02,0.16
440,Adama Traoré,FW,Wolves,26,21,1973.0,4,7,0,0,0,0,0.18,0.32,0.5,0.18,0.5,2.2,2.2,5.5,0.1,0.25,0.35,0.1,0.35
442,Leandro Trossard,FW,Brighton,21,14,1272.0,3,3,0,0,0,0,0.21,0.21,0.42,0.21,0.42,2.6,2.6,3.1,0.18,0.22,0.4,0.18,0.4
443,Tom Trybull,MF,Norwich City,14,12,1029.0,0,0,0,0,2,0,0.0,0.0,0.0,0.0,0.0,0.4,0.4,0.0,0.04,0.0,0.04,0.04,0.04
444,Trézéguet,FW,Aston Villa,24,13,1324.0,3,1,0,0,4,1,0.2,0.07,0.27,0.2,0.27,2.8,2.8,0.7,0.19,0.05,0.24,0.19,0.24
445,Axel Tuanzebe,DF,Manchester Utd,5,2,186.0,0,0,0,0,0,0,0.0,0.0,0.0,0.0,0.0,0.0,0.0,0.0,0.0,0.0,0.0,0.0,0.0
446,Yan Valery,DF,Southampton,8,7,558.0,0,0,0,0,1,0,0.0,0.0,0.0,0.0,0.0,0.2,0.2,0.7,0.04,0.12,0.16,0.04,0.16
447,Jesús Vallejo,DF,Wolves,2,1,162.0,0,0,0,0,1,0,0.0,0.0,0.0,0.0,0.0,0.0,0.0,0.0,0.0,0.0,0.0,0.0,0.0
448,Jamie Vardy,FW,Leicester City,25,25,2193.0,17,4,3,4,2,0,0.7,0.16,0.86,0.57,0.74,13.4,10.3,3.4,0.55,0.14,0.69,0.42,0.56
449,Indiana Vassilev,FW,Aston Villa,2,0,36.0,0,0,0,0,0,0,0.0,0.0,0.0,0.0,0.0,0.0,0.0,0.0,0.0,0.0,0.0,0.0,0.0
450,Jan Vertonghen,DF,Tottenham,18,17,1454.0,1,1,0,0,2,0,0.06,0.06,0.12,0.06,0.12,0.4,0.4,0.9,0.02,0.05,0.08,0.02,0.08
451,Jannik Vestergaard,DF,Southampton,13,13,1114.0,1,0,0,0,2,0,0.08,0.0,0.08,0.08,0.08,0.8,0.8,0.1,0.06,0.01,0.07,0.06,0.07
452,Rúben Vinagre,DF,Wolves,11,3,348.0,0,0,0,0,1,0,0.0,0.0,0.0,0.0,0.0,0.4,0.4,0.6,0.11,0.15,0.26,0.11,0.26
453,Mario Vrančić,MF,Norwich City,11,4,355.0,1,0,0,0,2,0,0.25,0.0,0.25,0.25,0.25,0.8,0.8,0.3,0.2,0.08,0.28,0.2,0.28
454,Matěj Vydra,FW,Burnley,8,1,250.0,2,1,0,0,0,0,0.72,0.36,1.08,0.72,1.08,1.8,1.8,0.1,0.65,0.03,0.68,0.65,0.68
455,Theo Walcott,MF,Everton,19,13,962.0,1,2,0,0,1,0,0.09,0.19,0.28,0.09,0.28,2.3,2.3,1.7,0.21,0.16,0.37,0.21,0.37
456,Kyle Walker,DF,Manchester City,21,21,1809.0,1,2,0,0,4,0,0.05,0.1,0.15,0.05,0.15,0.8,0.8,1.5,0.04,0.07,0.11,0.04,0.11
457,Kyle Walker-Peters,DF,Southampton,1,1,73.0,0,0,0,0,0,0,0.0,0.0,0.0,0.0,0.0,0.0,0.0,0.0,0.0,0.0,0.0,0.0,0.0
458,Kyle Walker-Peters,DF,Tottenham,3,3,242.0,0,0,0,0,0,0,0.0,0.0,0.0,0.0,0.0,0.0,0.0,0.1,0.01,0.03,0.04,0.01,0.04
459,Aaron Wan-Bissaka,DF,Manchester Utd,24,24,2151.0,0,2,0,0,5,0,0.0,0.08,0.08,0.0,0.08,0.4,0.4,2.3,0.02,0.1,0.11,0.02,0.11
460,Victor Wanyama,MF,Tottenham,2,0,23.0,0,0,0,0,1,0,0.0,0.0,0.0,0.0,0.0,0.0,0.0,0.0,0.0,0.0,0.0,0.0,0.0
461,Joel Ward,DF,Crystal Palace,18,16,1393.0,0,0,0,0,3,0,0.0,0.0,0.0,0.0,0.0,0.1,0.1,0.2,0.01,0.01,0.02,0.01,0.02
462,James Ward-Prowse,MF,Southampton,27,27,2430.0,4,2,1,2,7,0,0.15,0.07,0.22,0.11,0.19,4.5,2.8,3.6,0.17,0.13,0.3,0.1,0.24
463,Adam Webster,DF,Brighton,21,21,1836.0,3,1,0,0,3,0,0.15,0.05,0.2,0.15,0.2,1.1,1.1,1.1,0.05,0.06,0.11,0.05,0.11
464,Danny Welbeck,FW,Watford,8,3,261.0,0,0,0,0,0,0,0.0,0.0,0.0,0.0,0.0,0.6,0.6,0.1,0.22,0.02,0.24,0.22,0.24
465,Ashley Westwood,MF,Burnley,24,24,2160.0,2,5,0,0,8,0,0.08,0.21,0.29,0.08,0.29,1.1,1.1,3.8,0.05,0.16,0.2,0.05,0.2
466,Connor Wickham,FW,Crystal Palace,6,0,90.0,1,1,0,0,0,0,1.0,1.0,2.0,1.0,2.0,1.4,1.4,0.6,1.41,0.56,1.97,1.41,1.97
467,Georginio Wijnaldum,MF,Liverpool,26,26,2181.0,3,0,0,0,0,0,0.12,0.0,0.12,0.12,0.12,1.8,1.8,1.0,0.08,0.04,0.12,0.08,0.12
468,Jetro Willems,DF,Newcastle Utd,19,18,1498.0,2,2,0,0,0,0,0.12,0.12,0.24,0.12,0.24,0.6,0.6,1.3,0.03,0.08,0.11,0.03,0.11
469,Brandon Williams,DF,Manchester Utd,10,8,681.0,1,0,0,0,5,0,0.13,0.0,0.13,0.13,0.13,0.5,0.5,0.3,0.07,0.04,0.11,0.07,0.11
470,Willian,FW,Chelsea,26,20,1832.0,4,4,1,1,3,0,0.2,0.2,0.39,0.15,0.34,3.6,2.8,4.0,0.17,0.2,0.37,0.14,0.33
471,Joe Willock,MF,Arsenal,19,6,574.0,0,0,0,0,1,0,0.0,0.0,0.0,0.0,0.0,0.8,0.8,0.5,0.13,0.08,0.2,0.13,0.2
472,Jack Wilshere,MF,West Ham,6,2,175.0,0,0,0,0,0,0,0.0,0.0,0.0,0.0,0.0,0.0,0.0,0.0,0.0,0.0,0.0,0.0,0.0
473,Callum Wilson,FW,Bournemouth,26,24,2170.0,7,0,0,0,7,0,0.29,0.0,0.29,0.29,0.29,7.7,7.7,2.2,0.32,0.09,0.41,0.32,0.41
474,Harry Wilson,MF,Bournemouth,23,19,1446.0,7,0,0,0,1,0,0.44,0.0,0.44,0.44,0.44,3.5,3.5,1.8,0.22,0.11,0.33,0.22,0.33
475,Harry Winks,MF,Tottenham,22,18,1504.0,0,0,0,0,7,0,0.0,0.0,0.0,0.0,0.0,0.3,0.3,0.9,0.02,0.06,0.07,0.02,0.07
476,Chris Wood,FW,Burnley,24,24,1947.0,10,1,0,0,1,0,0.46,0.05,0.51,0.46,0.51,8.7,8.7,0.8,0.4,0.04,0.44,0.4,0.44
477,Granit Xhaka,MF,Arsenal,21,21,1818.0,0,1,0,0,7,0,0.0,0.05,0.05,0.0,0.05,0.2,0.2,0.9,0.01,0.04,0.06,0.01,0.06
478,Andriy Yarmolenko,MF,West Ham,15,9,828.0,3,1,0,0,2,0,0.33,0.11,0.43,0.33,0.43,1.5,1.5,2.5,0.16,0.27,0.43,0.16,0.43
479,DeAndre Yedlin,DF,Newcastle Utd,12,8,772.0,1,0,0,0,3,0,0.12,0.0,0.12,0.12,0.12,0.7,0.7,0.2,0.08,0.03,0.11,0.08,0.11
480,Maya Yoshida,DF,Southampton,8,6,558.0,0,0,0,0,1,0,0.0,0.0,0.0,0.0,0.0,0.6,0.6,0.0,0.09,0.0,0.09,0.09,0.09
481,Ashley Young,DF,Manchester Utd,12,10,954.0,0,0,0,0,5,0,0.0,0.0,0.0,0.0,0.0,0.1,0.1,1.2,0.01,0.11,0.12,0.01,0.12
482,Pablo Zabaleta,DF,West Ham,10,6,589.0,0,0,0,0,2,0,0.0,0.0,0.0,0.0,0.0,0.1,0.1,0.4,0.01,0.06,0.06,0.01,0.06
483,Wilfried Zaha,MF,Crystal Palace,27,26,2365.0,3,3,0,0,3,0,0.11,0.11,0.23,0.11,0.23,2.7,2.7,2.4,0.1,0.09,0.19,0.1,0.19
484,Christoph Zimmermann,DF,Norwich City,15,15,1296.0,0,1,0,0,2,0,0.0,0.07,0.07,0.0,0.07,0.4,0.4,0.0,0.03,0.0,0.03,0.03,0.03
485,Oleksandr Zinchenko,DF,Manchester City,11,9,829.0,0,0,0,0,2,1,0.0,0.0,0.0,0.0,0.0,0.3,0.3,0.7,0.04,0.08,0.12,0.04,0.12
486,Kurt Zouma,DF,Chelsea,21,18,1713.0,0,0,0,0,4,0,0.0,0.0,0.0,0.0,0.0,0.6,0.6,0.2,0.03,0.01,0.04,0.03,0.04
487,Mesut Özil,MF,Arsenal,17,17,1360.0,1,1,0,0,1,0,0.07,0.07,0.13,0.07,0.13,1.2,1.2,1.9,0.08,0.12,0.2,0.08,0.2
